,molecule_chembl_id,units,IC50,smiles,pIC50
0,CHEMBL3706766,nM,180.0,N#Cc1c(N)cc2c(c1N)Cc1ccc(O)cc1O2,6.7447274948966935
1,CHEMBL3706767,nM,470.0,N#Cc1c(N)cc2c(c1N)Cc1cc(O)ccc1O2,6.327902142064282
2,CHEMBL3706770,nM,330.0,COc1cc2c(cc1OC)Oc1cc(N)c(C#N)c(N)c1C2,6.481486060122112
3,CHEMBL3706771,nM,460.0,N#Cc1c(N)cc2c(c1N)Cc1cccc(O)c1O2,6.337242168318426
4,CHEMBL3706773,nM,490.0,N#Cc1c(N)cc2c(c1N)Cc1cc3c(cc1O2)OCCO3,6.309803919971486
5,CHEMBL3706774,nM,530.0,N#Cc1c(N)cc2c(c1N)Cc1cc(N)ccc1O2,6.275724130399211
6,CHEMBL3706775,nM,560.0,N#Cc1c(N)cc2c(c1N)Cc1ccccc1O2,6.251811972993799
7,CHEMBL3706776,nM,620.0,N#Cc1c(N)cc2c(c1N)Cc1cc(O)c(C3COCCO3)cc1O2,6.207608310501746
8,CHEMBL3706777,nM,690.0,N#Cc1c(N)cc2c(c1N)Cc1c(O)cc(O)cc1O2,6.161150909262744
9,CHEMBL3706778,nM,770.0,CCOc1cc2c(cc1O)Cc1c(cc(N)c(C#N)c1N)O2,6.113509274827518
10,CHEMBL3706779,nM,850.0,N#Cc1c(N)cc2c(c1N)Cc1ccc(O)c(O)c1O2,6.070581074285707
11,CHEMBL3706782,nM,1680.0,N#Cc1c(N)cc2c(c1N)Cc1ccc(OCN3CCCC3)cc1O2,5.774690718274137
12,CHEMBL3706783,nM,237.0,N#Cc1c(N)cc2c(c1NCCO)Cc1cc(O)c(O)cc1O2,6.625251653989896
13,CHEMBL3706768,nM,403.0,CCCNc1c(C#N)c(N)cc2c1Cc1cc(O)c(O)cc1O2,6.39469495385889
14,CHEMBL3706769,nM,419.0,CCNc1c(C#N)c(N)cc2c1Cc1cc(O)c(O)cc1O2,6.377785977033705
15,CHEMBL360278,nM,70000.0,CN1c2ccccc2Cc2c1nc(N)c(C#N)c2N,4.154901959985743
16,CHEMBL3706788,nM,1940.0,COc1ccc2c(c1)Oc1cc(N)c(C#N)c(N)c1C2C(C#N)C#N,5.7121982700697735
17,CHEMBL3706789,nM,12800.0,N#Cc1c(N)cc2c(c1N)C(C(C#N)C#N)c1ccc(O)cc1O2,4.892790030352131
18,CHEMBL3706784,nM,6180.0,COc1ccc2c(c1)C(C(C#N)C#N)c1c(cc(N)c(C#N)c1N)O2,5.209011524911184
19,CHEMBL3706785,nM,4220.0,N#Cc1c(N)cc2c(c1N)C(C(C#N)C#N)c1cc(Br)ccc1O2,5.374687549038326
20,CHEMBL3706786,nM,3800.0,N#Cc1c(N)cc2c(c1N)C(C(C#N)C#N)c1cc(O)ccc1O2,5.42021640338319
21,CHEMBL3706781,nM,130.0,N#Cc1c(N)cc2c(c1N)Cc1cc(O)c(O)cc1O2,6.886056647693163
22,CHEMBL200381,nM,110000.0,N#Cc1cnc2cnc(NCc3cccnc3)cc2c1Nc1ccc(F)c(Cl)c1,3.9586073148417746
23,CHEMBL199383,nM,16000.0,COc1ccc(CNC(=O)c2cc3c(-c4ccccc4)[nH]nc3s2)cc1,4.795880017344075
24,CHEMBL200499,nM,17000.0,O=C(NCc1ccccc1)c1cc2c(-c3ccccc3)[nH]nc2s1,4.769551078621726
25,CHEMBL388978,nM,110.0,CN[C@@H]1C[C@H]2O[C@@](C)([C@@H]1OC)n1c3ccccc3c3c4c(c5c6ccccc6n2c5c31)C(=O)NC4,6.958607314841775
26,CHEMBL225519,nM,171.0,O=C1NCCc2[nH]c(-c3ccncc3)cc21,6.767003889607846
27,CHEMBL376384,nM,56.0,CN(Cc1ccccc1)C(=O)c1ccc(-c2cc(-c3cc4c([nH]3)CCNC4=O)ccn2)cc1,7.251811972993799
28,CHEMBL226321,nM,46.0,O=C(NCCc1ccccc1)c1ccc(-c2cc(-c3cc4c([nH]3)CCNC4=O)ccn2)cc1,7.337242168318426
29,CHEMBL388530,nM,8.0,O=C(NCc1ccccc1)c1ccc(-c2cc(-c3cc4c([nH]3)CCNC4=O)ccn2)cc1,8.096910013008056
30,CHEMBL226261,nM,17.0,O=C(NC1CCCCC1)c1ccc(-c2cc(-c3cc4c([nH]3)CCNC4=O)ccn2)cc1,7.769551078621726
31,CHEMBL388853,nM,8.0,O=C(NC1CCCC1)c1ccc(-c2cc(-c3cc4c([nH]3)CCNC4=O)ccn2)cc1,8.096910013008056
32,CHEMBL226206,nM,15.0,O=C(NC1CC1)c1ccc(-c2cc(-c3cc4c([nH]3)CCNC4=O)ccn2)cc1,7.823908740944319
33,CHEMBL389658,nM,22.0,O=C(O)c1ccc(-c2cc(-c3cc4c([nH]3)CCNC4=O)ccn2)cc1,7.657577319177793
34,CHEMBL226475,nM,41.0,Nc1ccc(-c2cc(-c3cc4c([nH]3)CCNC4=O)ccn2)cc1,7.3872161432802645
35,CHEMBL226474,nM,55.0,COc1ccc(-c2cc(-c3cc4c([nH]3)CCNC4=O)ccn2)cc1,7.259637310505756
36,CHEMBL226424,nM,51.0,CC(=O)c1ccc(-c2cc(-c3cc4c([nH]3)CCNC4=O)ccn2)cc1,7.292429823902063
37,CHEMBL389657,nM,62.0,N#Cc1ccc(-c2cc(-c3cc4c([nH]3)CCNC4=O)ccn2)cc1,7.207608310501746
38,CHEMBL226369,nM,171.0,O=C1NCCc2[nH]c(-c3ccnc(-c4ccc(C(F)(F)F)cc4)c3)cc21,6.767003889607846
39,CHEMBL388307,nM,50.0,O=C1NCCc2[nH]c(-c3ccnc(-c4ccc(F)cc4)c3)cc21,7.301029995663981
40,CHEMBL226472,nM,30.0,O=C1NCCc2[nH]c(-c3ccnc(-c4cccc(F)c4)c3)cc21,7.522878745280337
41,CHEMBL226471,nM,126.0,O=C1NCCc2[nH]c(-c3ccnc(-c4ccccc4F)c3)cc21,6.899629454882437
42,CHEMBL226470,nM,32.0,O=C1NCCc2[nH]c(-c3ccnc(-c4ccc(Cl)cc4)c3)cc21,7.494850021680094
43,CHEMBL226420,nM,37.0,O=C1NCCc2[nH]c(-c3ccnc(-c4cccc(Cl)c4)c3)cc21,7.431798275933005
44,CHEMBL426001,nM,606.0,O=C1NCCc2[nH]c(-c3ccnc(-c4ccccc4Cl)c3)cc21,6.217527375833714
45,CHEMBL374177,nM,21.0,O=C1NCCc2[nH]c(-c3ccnc(-c4ccc(O)cc4)c3)cc21,7.6777807052660805
46,CHEMBL388619,nM,25.0,O=C1NCCc2[nH]c(-c3ccnc(-c4cccc(O)c4)c3)cc21,7.6020599913279625
47,CHEMBL226405,nM,410.0,O=C1NCCc2[nH]c(-c3ccnc(-c4ccccc4O)c3)cc21,6.3872161432802645
48,CHEMBL226403,nM,8.5,O=C1NCCc2[nH]c(-c3ccnc(-c4cnc5ccccc5c4)c3)cc21,8.070581074285707
49,CHEMBL226351,nM,30.0,O=C1NCCc2[nH]c(-c3ccnc(-c4cc5ccccc5s4)c3)cc21,7.522878745280337
50,CHEMBL226350,nM,52.0,O=C1NCCc2[nH]c(-c3ccnc(-c4ccc5ccccc5c4)c3)cc21,7.2839966563652006
51,CHEMBL388391,nM,76.0,O=C1NCCc2[nH]c(-c3ccnc(-c4ccsc4)c3)cc21,7.119186407719209
52,CHEMBL390601,nM,83.0,O=C1NCCc2[nH]c(-c3ccnc(-c4cncnc4)c3)cc21,7.080921907623926
53,CHEMBL225975,nM,48.0,O=C1NCCc2[nH]c(-c3ccnc(-c4cccnc4)c3)cc21,7.318758762624412
54,CHEMBL225973,nM,56.0,O=C1NCCc2[nH]c(-c3ccnc(-c4ccncc4)c3)cc21,7.251811972993799
55,CHEMBL388566,nM,66.0,O=C1NCCc2[nH]c(-c3ccnc(-c4ccccc4)c3)cc21,7.180456064458131
56,CHEMBL226232,nM,608.0,O=C1NCCc2[nH]c(-c3ccnc(Cl)c3)cc21,6.216096420727265
57,CHEMBL230761,nM,87100.0,Cn1cnc(CNc2cc(Br)c3ncc(C#N)c(Nc4ccc(F)c(Cl)c4)c3c2)c1,4.059981844992337
58,CHEMBL230232,nM,35800.0,N#Cc1cnc2c(Br)cc(NCc3c[nH]nn3)cc2c1Nc1ccc(F)c(Cl)c1,4.446116973356125
59,CHEMBL395573,nM,40100.0,N#Cc1cnc2c(Cl)cc(NCc3cccc[n+]3[O-])cc2c1Nc1ccc(F)c(Cl)c1,4.396855627379818
60,CHEMBL436817,nM,40200.0,N#Cc1cnc2c(Cl)cc(NCc3cnc[nH]3)cc2c1Nc1ccc(F)c(Cl)c1,4.39577394691553
61,CHEMBL230654,nM,62700.0,CCCc1[nH]cnc1CNc1cc(Cl)c2ncc(C#N)c(Nc3ccc(F)c(Cl)c3)c2c1,4.202732459169283
62,CHEMBL397819,nM,2500.0,N#Cc1c(N)nc2c(c1N)Cc1cc(O)c(O)cc1O2.O=C(O)C(F)(F)F,5.6020599913279625
63,CHEMBL395157,nM,2500.0,COc1ccc2[nH]c3c(c2c1)CCNC3C(=O)O,5.6020599913279625
64,CHEMBL247138,nM,42000.0,COc1cccc2[nH]c3c(c12)CCNC3C(=O)O,4.376750709602099
65,CHEMBL395352,nM,13000.0,COc1ccc2[nH]c3c(c2c1)C1CCN(C1)C3C(=O)OC(C)c1ccccc1,4.886056647693163
66,CHEMBL245862,nM,3270.0,C=CCOC(=O)C1c2[nH]c3ccc(OC)cc3c2C2CCN1C2,5.485452247339714
67,CHEMBL245662,nM,10100.0,CCCOC(=O)C1c2[nH]c3ccc(OC)cc3c2C2CCN1C2,4.995678626217358
68,CHEMBL245661,nM,7090.0,COc1ccc2[nH]c3c(c2c1)C1CCN(C1)C3C(=O)OCc1ccccc1,5.149353764816933
69,CHEMBL394125,nM,29300.0,CCOC(=O)C1c2[nH]c3ccc(OC)cc3c2C2CCN1C2,4.533132379645891
70,CHEMBL394124,nM,5100.0,COc1ccc2[nH]c3c(c2c1)C1CCCN(C1)C3C(=O)O,5.292429823902063
71,CHEMBL392876,nM,290.0,COc1ccc2[nH]c3c(c2c1)C1CCN(C1)C3C(=O)O,6.537602002101044
72,CHEMBL248525,nM,5900.0,COc1ccc2[nH]c3c(c2c1)CC(CN)NC3C(=O)O,5.229147988357855
73,CHEMBL392665,nM,3000.0,COc1ccc2[nH]c3c(c2c1)CC(CO)NC3C(=O)O,5.522878745280337
74,CHEMBL247911,nM,64000.0,CCC1Cc2c([nH]c3ccc(OC)cc23)C(C(=O)O)N1,4.1938200260161125
75,CHEMBL247707,nM,7100.0,COc1ccc2[nH]c3c(c2c1)CC(C)NC3C(=O)O,5.1487416512809245
76,CHEMBL248317,nM,16000.0,COc1ccc2[nH]c3c(c2c1)C(Cc1ccccc1)CNC3C(=O)O,4.795880017344075
77,CHEMBL248316,nM,2200.0,CCC1CNC(C(=O)O)c2[nH]c3ccc(OC)cc3c21,5.657577319177793
78,CHEMBL248110,nM,2200.0,COc1ccc2[nH]c3c(c2c1)C(C)CNC3C(=O)O,5.657577319177793
79,CHEMBL248313,nM,130000.0,COc1ccc2[nH]c3c(c2c1)CCNC3c1nn[nH]n1,3.886056647693163
80,CHEMBL248312,nM,88000.0,COc1ccc2[nH]c3c(c2c1)CCNC3C(=O)NO,4.055517327849832
81,CHEMBL395132,nM,47000.0,COC(=O)C1NCCc2c1[nH]c1ccc(OC)cc21,4.327902142064283
82,CHEMBL248164,nM,130000.0,COc1ccc2[nH]c3c(c2c1)CCN(Cc1ccccc1)C3C(=O)O,3.886056647693163
83,CHEMBL437766,nM,170000.0,COc1ccc2[nH]c3c(c2c1)CCN(C(C)C)C3C(=O)O,3.769551078621726
84,CHEMBL245505,nM,5800.0,CCN1CCc2c([nH]c3ccc(OC)cc23)C1C(=O)O,5.236572006437063
85,CHEMBL397649,nM,1000.0,COc1ccc2[nH]c3c(c2c1)CCN(C)C3C(=O)O,6.0
86,CHEMBL245296,nM,1100.0,O=C(COc1ccc2[nH]c3c(c2c1)CCNC3C(=O)O)c1ccccc1,5.958607314841775
87,CHEMBL396314,nM,12000.0,O=C(O)C1NCCc2c1[nH]c1ccc(OCc3ccccc3)cc21,4.920818753952375
88,CHEMBL246309,nM,28000.0,NC(=O)c1ccc2[nH]c3c(c2c1)CCNC3C(=O)O,4.552841968657781
89,CHEMBL246102,nM,19000.0,O=C(O)C1NCCc2c1[nH]c1ccc(Cl)cc21,4.721246399047171
90,CHEMBL391830,nM,26000.0,O=C(O)C1NCCc2c1[nH]c1ccc(F)cc21,4.585026652029182
91,CHEMBL246101,nM,87000.0,O=C(O)C1NCCc2c1[nH]c1ccccc21,4.060480747381382
92,CHEMBL437554,nM,170000.0,CC(=O)Oc1ccc2[nH]c3c(c2c1)CCNC3C(=O)O,3.769551078621726
93,CHEMBL246100,nM,6600.0,COC(=O)c1ccc2[nH]c3c(c2c1)CCNC3C(=O)O,5.180456064458131
94,CHEMBL246099,nM,4500.0,O=C(O)C1NCCc2c1[nH]c1ccc(O)cc21,5.346787486224656
95,CHEMBL247343,nM,53000.0,COc1cc2c3c([nH]c2cc1O)C(C(=O)O)NCC3,4.275724130399211
96,CHEMBL248364,nM,2700.0,COc1ccc2[nH]c3c(c2c1)C(C)(C)CNC3=O,5.568636235841012
97,CHEMBL246508,nM,480.0,CC1CNC(=O)c2[nH]c3ccc(C(=O)Nc4ncc(C(=O)NCCCN(C)C)s4)cc3c21,6.318758762624412
98,CHEMBL246301,nM,10.0,CC1CNC(=O)c2[nH]c3ccc(C(=O)Nc4nc(C(=O)NC5CCN(C)CC5)cs4)cc3c21,8.0
99,CHEMBL397642,nM,250.0,CC1CNC(=O)c2[nH]c3ccc(C(=O)Nc4nc(C(=O)N5CCC(N(C)C)CC5)cs4)cc3c21,6.6020599913279625
100,CHEMBL246300,nM,44.0,CC1CNC(=O)c2[nH]c3ccc(C(=O)Nc4nc(C(=O)NC5CCCCC5)cs4)cc3c21,7.356547323513812
101,CHEMBL246299,nM,45.0,CCCNC(=O)c1csc(NC(=O)c2ccc3[nH]c4c(c3c2)C(C)CNC4=O)n1,7.346787486224656
102,CHEMBL246090,nM,21.0,CC1CNC(=O)c2[nH]c3ccc(C(=O)Nc4nc(C(=O)NCCC(N)=O)cs4)cc3c21,7.6777807052660805
103,CHEMBL246089,nM,124.0,CC1CNC(=O)c2[nH]c3ccc(C(=O)Nc4nc(C(=O)NCC(N)=O)cs4)cc3c21,6.906578314837764
104,CHEMBL246088,nM,35.0,CC1CNC(=O)c2[nH]c3ccc(C(=O)Nc4nc(C(=O)NCCCN(C)C)cs4)cc3c21,7.455931955649724
105,CHEMBL396160,nM,17.0,CC1CNC(=O)c2[nH]c3ccc(C(=O)Nc4nc(C(=O)NCCN)cs4)cc3c21,7.769551078621726
106,CHEMBL245884,nM,34.0,CC1CNC(=O)c2[nH]c3ccc(C(=O)Nc4nc(C(=O)NCCN(C)C)cs4)cc3c21,7.468521082957745
107,CHEMBL245883,nM,333.0,CC1CNC(=O)c2[nH]c3ccc(C(=O)Nc4nc(C(=O)N(C)C)cs4)cc3c21,6.47755576649368
108,CHEMBL396159,nM,72.0,CNC(=O)c1csc(NC(=O)c2ccc3[nH]c4c(c3c2)C(C)CNC4=O)n1,7.142667503568731
109,CHEMBL245682,nM,120.0,CC1CNC(=O)c2[nH]c3ccc(C(=O)Nc4ncc(C(N)=O)s4)cc3c21,6.920818753952375
110,CHEMBL245680,nM,770.0,COC(=O)c1cnc(NC(=O)c2ccc3[nH]c4c(c3c2)C(C)CNC4=O)s1,6.113509274827518
111,CHEMBL397332,nM,83.0,CC1CNC(=O)c2[nH]c3ccc(C(=O)Nc4nc(C(N)=O)cs4)cc3c21,7.080921907623926
112,CHEMBL245485,nM,750.0,COC(=O)c1csc(NC(=O)c2ccc3[nH]c4c(c3c2)C(C)CNC4=O)n1,6.1249387366083
113,CHEMBL247333,nM,620.0,CC1CNC(=O)c2[nH]c3ccc(C(=O)Nc4ccc(C(N)=O)nc4)cc3c21,6.207608310501746
114,CHEMBL394926,nM,760.0,COC(=O)c1ccc(NC(=O)c2ccc3[nH]c4c(c3c2)C(C)CNC4=O)cn1,6.119186407719209
115,CHEMBL442419,nM,620.0,CC1CNC(=O)c2[nH]c3ccc(C(=O)Nc4ccc(C(N)=O)cc4)cc3c21,6.207608310501746
116,CHEMBL246082,nM,930.0,COC(=O)c1ccc(NC(=O)c2ccc3[nH]c4c(c3c2)C(C)CNC4=O)cc1,6.031517051446064
117,CHEMBL245475,nM,1700.0,CC1CNC(=O)c2[nH]c3ccc(C(=O)Nc4ccc(C#N)cc4)cc3c21,5.769551078621726
118,CHEMBL245473,nM,1700.0,CC1CNC(=O)c2[nH]c3ccc(C(=O)Nc4ccc(Cl)cc4)cc3c21,5.769551078621726
119,CHEMBL248335,nM,7700.0,CC(C)c1ccc(NC(=O)c2ccc3[nH]c4c(c3c2)C(C)CNC4=O)cc1,5.113509274827518
120,CHEMBL248533,nM,3000.0,Cc1ccc(NC(=O)c2ccc3[nH]c4c(c3c2)C(C)CNC4=O)cc1,5.522878745280337
121,CHEMBL248331,nM,7400.0,CCOC(=O)c1cccc(NC(=O)c2ccc3[nH]c4c(c3c2)C(C)CNC4=O)c1,5.130768280269024
122,CHEMBL246910,nM,770.0,CC1CNC(=O)c2[nH]c3ccc(C(=O)Nc4cccc(C#N)c4)cc3c21,6.113509274827518
123,CHEMBL395592,nM,1300.0,CC1CNC(=O)c2[nH]c3ccc(C(=O)Nc4cccc(Cl)c4)cc3c21,5.886056647693163
124,CHEMBL394262,nM,9700.0,CC1CNC(=O)c2[nH]c3ccc(C(=O)Nc4ccccc4F)cc3c21,5.013228265733755
125,CHEMBL392597,nM,1500.0,CC1CNC(=O)c2[nH]c3ccc(C(=O)Nc4nc5ccccc5s4)cc3c21,5.823908740944319
126,CHEMBL392596,nM,440.0,CC1CNC(=O)c2[nH]c3ccc(C(=O)Nc4cnccn4)cc3c21,6.356547323513812
127,CHEMBL246480,nM,1500.0,CC1CNC(=O)c2[nH]c3ccc(C(=O)Nc4ccncn4)cc3c21,5.823908740944319
128,CHEMBL394735,nM,1500.0,CC1CNC(=O)c2[nH]c3ccc(C(=O)Nc4ccon4)cc3c21,5.823908740944319
129,CHEMBL247510,nM,820.0,CC1CNC(=O)c2[nH]c3ccc(C(=O)Nc4nccs4)cc3c21,6.086186147616283
130,CHEMBL247509,nM,760.0,CC1CNC(=O)c2[nH]c3ccc(C(=O)Nc4ccncc4)cc3c21,6.119186407719209
131,CHEMBL437943,nM,520.0,CC1CNC(=O)c2[nH]c3ccc(C(=O)Nc4cccnc4)cc3c21,6.2839966563652006
132,CHEMBL393057,nM,2900.0,CC1CNC(=O)c2[nH]c3ccc(C(=O)Nc4ccccc4)cc3c21,5.537602002101044
133,CHEMBL393056,nM,12000.0,CNC(=O)c1ccc2[nH]c3c(c2c1)C(C)CNC3=O,4.920818753952375
134,CHEMBL246892,nM,5400.0,CC1CNC(=O)c2[nH]c3ccc(C(N)=O)cc3c21,5.267606240177031
135,CHEMBL394494,nM,15000.0,CC1CNC(=O)c2[nH]c3ccc(Br)cc3c21,4.823908740944319
136,CHEMBL246526,nM,4500.0,COc1ccc2[nH]c3c(c2c1)C(C)CNC3=O,5.346787486224656
137,CHEMBL248366,nM,1100.0,COc1ccc2[nH]c3c(c2c1)C1(CCC1)CNC3=O,5.958607314841775
138,CHEMBL391983,nM,3000.0,CC1CNC(=O)c2[nH]c3ccc(C(=O)Nc4ccccc4C(N)=O)cc3c21,5.522878745280337
139,CHEMBL246507,nM,1300.0,CC1CNC(=O)c2[nH]c3ccc(C(=O)Nc4ncc(C(=O)NCCN(C)C)s4)cc3c21,5.886056647693163
140,CHEMBL395932,nM,31.0,CC1CNC(=O)c2[nH]c3ccc(C(=O)Nc4nc(C(=O)NCCO)cs4)cc3c21,7.508638306165727
141,CHEMBL397388,nM,1800.0,CC(=O)Nc1ccc(NC(=O)c2ccc3[nH]c4c(c3c2)C(C)CNC4=O)cc1,5.7447274948966935
142,CHEMBL245474,nM,7000.0,CC1CNC(=O)c2[nH]c3ccc(C(=O)Nc4ccc(Br)cc4)cc3c21,5.154901959985743
143,CHEMBL395593,nM,3000.0,CC1CNC(=O)c2[nH]c3ccc(C(=O)Nc4ccc(F)cc4)cc3c21,5.522878745280337
144,CHEMBL248532,nM,2700.0,CC1CNC(=O)c2[nH]c3ccc(C(=O)Nc4cccc(C(N)=O)c4)cc3c21,5.568636235841012
145,CHEMBL248333,nM,4400.0,CC(=O)Nc1cccc(NC(=O)c2ccc3[nH]c4c(c3c2)C(C)CNC4=O)c1,5.356547323513812
146,CHEMBL246699,nM,2700.0,CC1CNC(=O)c2[nH]c3ccc(C(=O)Nc4cccc(Br)c4)cc3c21,5.568636235841012
147,CHEMBL246697,nM,1700.0,CC1CNC(=O)c2[nH]c3ccc(C(=O)Nc4cccc(F)c4)cc3c21,5.769551078621726
148,CHEMBL246906,nM,3400.0,Cc1cccc(NC(=O)c2ccc3[nH]c4c(c3c2)C(C)CNC4=O)c1,5.468521082957745
149,CHEMBL403258,nM,3.0,O=C(Nc1nc(C(=O)NC2CCN(Cc3ccccc3)CC2)cs1)c1ccc2cc3n(c2c1)C1(CCC1)CNC3=O,8.522878745280337
150,CHEMBL429504,nM,5.0,CC1(C)CNC(=O)c2cc3ccc(C(=O)Nc4nc(C(=O)NC5CCN(Cc6ccccc6)CC5)cs4)cc3n21,8.301029995663981
151,CHEMBL257834,nM,2.0,CC(C)(C)CN1CCC(NC(=O)c2csc(NC(=O)c3ccc4cc5n(c4c3)C3(CCC3)CNC5=O)n2)CC1,8.698970004336019
152,CHEMBL403154,nM,2.0,CC(C)(C)CN1CCC(NC(=O)c2csc(NC(=O)c3ccc4cc5n(c4c3)C(C)(C)CNC5=O)n2)CC1,8.698970004336019
153,CHEMBL258045,nM,2.0,CN1CCC(NC(=O)c2csc(NC(=O)c3ccc4cc5n(c4c3)C3(CCC3)CNC5=O)n2)CC1,8.698970004336019
154,CHEMBL270148,nM,5.0,CN1CCC(NC(=O)c2csc(NC(=O)c3ccc4cc5n(c4c3)C(C)(C)CNC5=O)n2)CC1,8.301029995663981
155,CHEMBL270150,nM,19.0,CC1(C)CNC(=O)c2cc3ccc(C(=O)Nc4nc(C(=O)NC5CCCCC5)cs4)cc3n21,7.721246399047171
156,CHEMBL403286,nM,9.0,CC1CNC(=O)c2cc3ccc(C(=O)Nc4nc(C(=O)NC5CCN(Cc6ccccc6)CC5)cs4)cc3n21,8.045757490560675
157,CHEMBL256194,nM,3.0,CC1CNC(=O)c2cc3ccc(C(=O)Nc4nc(C(=O)NC5CCN(CC(C)(C)C)CC5)cs4)cc3n21,8.522878745280337
158,CHEMBL255991,nM,4.0,CC(C)CN1CCC(NC(=O)c2csc(NC(=O)c3ccc4cc5n(c4c3)C(C)CNC5=O)n2)CC1,8.397940008672037
159,CHEMBL256196,nM,7.0,CCN1CCC(NC(=O)c2csc(NC(=O)c3ccc4cc5n(c4c3)C(C)CNC5=O)n2)CC1,8.154901959985743
160,CHEMBL271863,nM,46.0,CC1CNC(=O)c2cc3ccc(C(=O)Nc4nc(C(=O)NCC(C)(C)C)cs4)cc3n21,7.337242168318426
161,CHEMBL437033,nM,45.0,CC1CCC(NC(=O)c2csc(NC(=O)c3ccc4cc5n(c4c3)C(C)CNC5=O)n2)CC1,7.346787486224656
162,CHEMBL272072,nM,12.0,CC1CNC(=O)c2cc3ccc(C(=O)Nc4nc(C(=O)NC5CCOCC5)cs4)cc3n21,7.920818753952375
163,CHEMBL271309,nM,5.0,CC1CNC(=O)c2cc3ccc(C(=O)Nc4nc(C(=O)NC5CCN(C)CC5)cs4)cc3n21,8.301029995663981
164,CHEMBL409727,nM,20.0,CC1CNC(=O)c2cc3ccc(C(=O)Nc4nc(C(=O)NC5CCCCC5)cs4)cc3n21,7.698970004336019
165,CHEMBL255207,nM,2600.0,O=C(Nc1cccnc1)c1ccc2[nH]c3c(c2c1)CCNC3=O,5.585026652029182
166,CHEMBL404756,nM,1200.0,CC(=O)NCC1CNC(=O)c2cc3ccc(C(=O)Nc4nccs4)cc3n2C1,5.920818753952375
167,CHEMBL271713,nM,310.0,CN(C)CC1CNC(=O)c2cc3ccc(C(=O)Nc4nccs4)cc3n2C1,6.508638306165727
168,CHEMBL271714,nM,560.0,CCNCC1CNC(=O)c2cc3ccc(C(=O)Nc4nccs4)cc3n2C1,6.251811972993799
169,CHEMBL409876,nM,690.0,CNCC1CNC(=O)c2cc3ccc(C(=O)Nc4nccs4)cc3n2C1,6.161150909262744
170,CHEMBL410902,nM,530.0,CC1CNC(=O)c2cc3ccc(C(=O)Nc4nccs4)cc3n2C1,6.275724130399211
171,CHEMBL403193,nM,52.0,O=C(Nc1nccs1)c1ccc2cc3n(c2c1)CC(CO)CNC3=O,7.2839966563652006
172,CHEMBL429922,nM,35.0,NCC1CNC(=O)c2cc3ccc(C(=O)Nc4nccs4)cc3n2C1,7.455931955649724
173,CHEMBL272096,nM,320.0,CC1CNC(=O)c2cc3ccc(C(=O)Nc4cccnc4)cc3n2C1,6.494850021680094
174,CHEMBL272309,nM,29.0,NCC1CNC(=O)c2cc3ccc(C(=O)Nc4cccnc4)cc3n2C1,7.537602002101044
175,CHEMBL403436,nM,190.0,O=C(Nc1nccs1)c1ccc2cc3n(c2c1)CCCNC3=O,6.721246399047171
176,CHEMBL255210,nM,270.0,O=C(Nc1cccnc1)c1ccc2cc3n(c2c1)CCCNC3=O,6.568636235841012
177,CHEMBL436652,nM,6900.0,CC(=O)NCC1Cn2c(cc3ccc(C(=O)Nc4nccs4)cc32)C(=O)N1,5.161150909262744
178,CHEMBL272147,nM,4000.0,CCCNCC1Cn2c(cc3ccc(C(=O)Nc4nccs4)cc32)C(=O)N1,5.3979400086720375
179,CHEMBL401748,nM,3000.0,CCNCC1Cn2c(cc3ccc(C(=O)Nc4nccs4)cc32)C(=O)N1,5.522878745280337
180,CHEMBL258107,nM,580.0,CNCC1Cn2c(cc3ccc(C(=O)Nc4nccs4)cc32)C(=O)N1,6.236572006437063
181,CHEMBL272364,nM,4000.0,CC1Cn2c(cc3ccc(C(=O)Nc4nccs4)cc32)C(=O)N1,5.3979400086720375
182,CHEMBL272572,nM,550.0,O=C(Nc1nccs1)c1ccc2cc3n(c2c1)CC(CO)NC3=O,6.259637310505756
183,CHEMBL257888,nM,1400.0,NC[C@H]1Cn2c(cc3ccc(C(=O)Nc4nccs4)cc32)C(=O)N1,5.853871964321762
184,CHEMBL404224,nM,160.0,NC[C@@H]1Cn2c(cc3ccc(C(=O)Nc4nccs4)cc32)C(=O)N1,6.795880017344075
185,CHEMBL257887,nM,1100.0,O=C(Nc1nccs1)c1ccc2cc3n(c2c1)CCNC3=O,5.958607314841775
186,CHEMBL257321,nM,1200.0,CC1Cn2c(cc3ccc(C(=O)Nc4cccnc4)cc32)C(=O)N1,5.920818753952375
187,CHEMBL255180,nM,2300.0,NC[C@H]1Cn2c(cc3ccc(C(=O)Nc4cccnc4)cc32)C(=O)N1,5.638272163982407
188,CHEMBL402957,nM,320.0,NC[C@@H]1Cn2c(cc3ccc(C(=O)Nc4cccnc4)cc32)C(=O)N1,6.494850021680094
189,CHEMBL404908,nM,1700.0,O=C(Nc1cccnc1)c1ccc2cc3n(c2c1)CCNC3=O,5.769551078621726
190,CHEMBL269988,nM,210.0,CNCC1Cc2c([nH]c3ccc(C(=O)Nc4nccs4)cc23)C(=O)N1,6.6777807052660805
191,CHEMBL269791,nM,1000.0,O=C(Nc1nccs1)c1ccc2[nH]c3c(c2c1)CC(CO)NC3=O,6.0
192,CHEMBL270203,nM,140.0,NCC1Cc2c([nH]c3ccc(C(=O)Nc4nccs4)cc23)C(=O)N1,6.853871964321762
193,CHEMBL255606,nM,1200.0,O=C(Nc1cccnc1)c1ccc2[nH]c3c(c2c1)CC(CO)NC3=O,5.920818753952375
194,CHEMBL255605,nM,260.0,NCC1Cc2c([nH]c3ccc(C(=O)Nc4cccnc4)cc23)C(=O)N1,6.585026652029182
195,CHEMBL261238,nM,110000000.0,CN(c1cccnc1)c1cc2c(Nc3ccc(F)c(Cl)c3)c(C#N)cnc2cn1,0.9586073148417746
196,CHEMBL478798,nM,90000.0,C=C1CC[C@@H]2[C@@]3(C)CCCC(C)(C)[C@@H]3CC[C@@]2(C)[C@@H]1/C=C/C1=CC(=O)OC1O,4.045757490560675
197,CHEMBL476479,nM,90000.0,C=C1CC[C@@H]2[C@@]3(C)CCCC(C)(C)[C@@H]3CC[C@@]2(C)[C@@H]1CC(O)C1=CC(=O)OC1O,4.045757490560675
198,CHEMBL515940,nM,90000.0,C=C1CC[C@@H]2[C@@]3(C)CCCC(C)(C)[C@@H]3CC[C@@]2(C)[C@@H]1CC1OC(=O)C=C1CO,4.045757490560675
199,CHEMBL476478,nM,90000.0,CC1(C)CCC[C@@]2(C)[C@H]1CC[C@@]1(C)[C@@H]3C[C@H](C4=CC(=O)OC4O)O[C@@]3(C)CC[C@H]21,4.045757490560675
200,CHEMBL524266,nM,510.0,Nc1nccc(-c2cc3c([nH]2)[C@@H](CCF)CNC3=O)n1,6.292429823902063
201,CHEMBL487190,nM,39000.0,CCCc1cc(O)c2c(O)cccc2c1-c1cc(O)cc(=O)o1,4.4089353929735005
202,CHEMBL487191,nM,130000.0,CCCc1cc(=O)c2c(Cc3cc(O)cc(=O)o3)cccc2o1,3.886056647693163
203,CHEMBL57481,nM,85000.0,Oc1cccc2cnccc12,4.070581074285707
204,CHEMBL510545,nM,49.0,O=C1NCCc2[nH]c(-c3ccnc(/C=C/c4ccccc4)c3)cc21,7.309803919971486
205,CHEMBL504547,nM,19000.0,O=C1NC(=O)c2ccc(I)cc2/C1=C/NCc1ccc(-c2ccoc2)c(O)c1,4.721246399047171
206,CHEMBL523586,nM,2500.0,NC[C@H](Cc1cccc(F)c1)NC(=O)c1cc(Br)c(-c2ccnc3[nH]ccc23)s1,5.6020599913279625
207,CHEMBL454582,nM,20000.0,CC1=CC[C@@H]2[C@@]3(C)CCCC(C)(C)[C@@H]3CC[C@@]2(C)[C@@H]1Cc1cc(C(=O)O)ccc1O,4.698970004336019
208,CHEMBL455101,nM,9600.0,CC1=C(CC/C(C)=C/Cc2cc(C(=O)O)ccc2O)[C@@]2(C)CCCC(C)(C)[C@@H]2CC1,5.017728766960431
209,CHEMBL507249,nM,13000.0,O[C@H]1CC[C@H](c2n[nH]cc2-c2ccnc(NC3CCCC3)n2)CC1,4.886056647693163
210,CHEMBL462578,nM,1300.0,O=c1[nH]cnc2[nH]c(-c3ccnc(-c4ccc(F)cc4)c3)cc12,5.886056647693163
211,CHEMBL462579,nM,1230.0,O=c1[nH]cnc2[nH]c(-c3ccnc(-c4cccc(F)c4)c3)cc12,5.910094888560602
212,CHEMBL455396,nM,550.0,COc1ccc(-c2cc(-c3cc4c(=O)[nH]cnc4[nH]3)ccn2)cc1,6.259637310505756
213,CHEMBL452085,nM,5200.0,COc1cccc(-c2cc(-c3cc4c(=O)[nH]cnc4[nH]3)ccn2)c1,5.2839966563652006
214,CHEMBL452086,nM,1450.0,O=c1[nH]cnc2[nH]c(-c3ccnc(-c4ccc(CN5CCOCC5)cc4)c3)cc12,5.838631997765026
215,CHEMBL455156,nM,190.0,O=C(Nc1cc(-c2cc3c(=O)[nH]cnc3[nH]2)ccn1)c1ccc(C2CCCC2)cc1,6.721246399047171
216,CHEMBL507348,nM,170.0,O=c1[nH]cnc2[nH]c(-c3ccnc(/C=C/c4ccccc4)c3)cc12,6.769551078621726
217,CHEMBL516504,nM,200.0,O=c1[nH]cnc2[nH]c(-c3ccnc(/C=C/c4ccc(F)cc4)c3)cc12,6.698970004336019
218,CHEMBL518824,nM,290.0,Nc1nc2[nH]c(-c3ccnc(/C=C/c4ccccc4)c3)cc2c(=O)[nH]1,6.537602002101044
219,CHEMBL462371,nM,1700.0,O=c1[nH]c(C(F)(F)F)nc2[nH]c(-c3ccnc(/C=C/c4ccccc4)c3)cc12,5.769551078621726
220,CHEMBL504267,nM,350.0,Cc1nc2[nH]c(-c3ccnc(/C=C/c4ccccc4)c3)cc2c(=O)[nH]1,6.455931955649724
221,CHEMBL462372,nM,1260.0,CCCCc1nc2[nH]c(-c3ccnc(/C=C/c4ccccc4)c3)cc2c(=O)[nH]1,5.899629454882437
222,CHEMBL460091,nM,340.0,O=c1[nH]c(Cc2ccccc2)nc2[nH]c(-c3ccnc(/C=C/c4ccccc4)c3)cc12,6.468521082957745
223,CHEMBL516802,nM,42.0,O=C(c1ccc(/C=C/c2cc(-c3cc4c(=O)[nH]cnc4[nH]3)ccn2)cc1)N1CCOCC1,7.376750709602099
224,CHEMBL461139,nM,51.0,O=c1[nH]cnc2[nH]c(-c3ccnc(/C=C/c4ccc(CN5CCOCC5)cc4)c3)cc12,7.292429823902063
225,CHEMBL461140,nM,82.0,CN(C)CCOc1ccc(/C=C/c2cc(-c3cc4c(=O)[nH]cnc4[nH]3)ccn2)cc1,7.086186147616283
226,CHEMBL461316,nM,150.0,CCN(CC)Cc1ccc(/C=C/c2cc(-c3cc4c(=O)[nH]cnc4[nH]3)ccn2)cc1,6.823908740944319
227,CHEMBL501709,nM,131000.0,N#Cc1cnc2c(Cl)cc(NCc3cn(C4CCN(C5CCC5)CC4)nn3)cc2c1Nc1ccc(F)c(Cl)c1,3.8827287043442356
228,CHEMBL527026,nM,63000.0,CCN1CCC(n2cc(CNc3cc(Cl)c4ncc(C#N)c(Nc5ccc(F)c(Cl)c5)c4c3)nn2)CC1,4.200659450546418
229,CHEMBL466496,nM,8900.0,C[C@@H](Nc1c(Nc2ccncc2)c(=O)c1=O)c1ccccc1,5.050609993355087
230,CHEMBL466700,nM,88000.0,O=c1c(NCc2ccccc2)c(Nc2ccncc2)c1=O,4.055517327849832
231,CHEMBL504830,nM,2300.0,CC(C)(Nc1c(Nc2ccncc2)c(=O)c1=O)c1ccccc1,5.638272163982407
232,CHEMBL466701,nM,65000.0,C[C@@H](Nc1c(Nc2ccncc2)c(=O)c1=O)C1CCCCC1,4.187086643357144
233,CHEMBL467729,nM,81000.0,CC(Nc1c(Nc2ccncc2)c(=O)c1=O)c1nccs1,4.0915149811213505
234,CHEMBL467730,nM,9300.0,CC(Nc1c(Nc2ccncc2)c(=O)c1=O)c1ccccc1F,5.031517051446064
235,CHEMBL513154,nM,33000.0,CC(Nc1c(Nc2ccncc2)c(=O)c1=O)c1ccccc1O,4.481486060122113
236,CHEMBL467731,nM,49000.0,Cc1cccc(C(C)Nc2c(Nc3ccncc3)c(=O)c2=O)c1,4.309803919971486
237,CHEMBL467732,nM,14000.0,CC(Nc1c(Nc2ccncc2)c(=O)c1=O)c1cccc(N)c1,4.853871964321762
238,CHEMBL467532,nM,380.0,CC(Nc1c(Nc2ccncc2)c(=O)c1=O)c1cccc(O)c1,6.42021640338319
239,CHEMBL452699,nM,5500.0,CC(=O)Nc1cccc(C(C)Nc2c(Nc3ccncc3)c(=O)c2=O)c1,5.259637310505756
240,CHEMBL511219,nM,24000.0,CC(Nc1c(Nc2ccncc2)c(=O)c1=O)c1cccc(NS(C)(=O)=O)c1,4.619788758288394
241,CHEMBL467078,nM,8200.0,CC(Nc1c(Nc2ccncc2)c(=O)c1=O)c1ccc(F)cc1,5.086186147616283
242,CHEMBL512791,nM,5000.0,CC(Nc1c(Nc2ccncc2)c(=O)c1=O)c1ccc(O)cc1,5.301029995663981
243,CHEMBL467079,nM,4500.0,NC(=O)C(Nc1c(Nc2ccncc2)c(=O)c1=O)c1ccccc1,5.346787486224656
244,CHEMBL511410,nM,390.0,NC(=O)C(Nc1c(Nc2ccncc2)c(=O)c1=O)c1cccc(O)c1,6.4089353929735005
245,CHEMBL467911,nM,5300.0,O=c1c(Nc2ccncc2)c(NC(CO)c2ccccc2)c1=O,5.275724130399211
246,CHEMBL511419,nM,2600.0,C[C@@H](Nc1c(Nc2ccnc(-c3ccccc3)c2)c(=O)c1=O)c1ccccc1,5.585026652029182
247,CHEMBL468125,nM,5800.0,C[C@@H](Nc1c(Nc2ccnc(-c3ccccc3F)c2)c(=O)c1=O)c1ccccc1,5.236572006437063
248,CHEMBL449692,nM,6600.0,C[C@@H](Nc1c(Nc2ccnc(-c3cccc(F)c3)c2)c(=O)c1=O)c1ccccc1,5.180456064458131
249,CHEMBL479290,nM,3700.0,COc1cccc(-c2cc(Nc3c(N[C@H](C)c4ccccc4)c(=O)c3=O)ccn2)c1,5.431798275933005
250,CHEMBL469490,nM,3600.0,C[C@@H](Nc1c(Nc2ccnc(-c3ccncc3)c2)c(=O)c1=O)c1ccccc1,5.443697499232712
251,CHEMBL519113,nM,5300.0,C[C@@H](Nc1c(Nc2ccnc(-c3ccco3)c2)c(=O)c1=O)c1ccccc1,5.275724130399211
252,CHEMBL481248,nM,5400.0,C[C@@H](Nc1c(Nc2ccnc(-c3ccsc3)c2)c(=O)c1=O)c1ccccc1,5.267606240177031
253,CHEMBL481249,nM,9100.0,C[C@@H](Nc1c(Nc2ccnc(Nc3ccccc3)c2)c(=O)c1=O)c1ccccc1,5.040958607678906
254,CHEMBL513870,nM,2400.0,C[C@@H](Nc1c(Nc2ccnc(Nc3cccc(C(N)=O)c3)c2)c(=O)c1=O)c1ccccc1,5.619788758288394
255,CHEMBL469124,nM,670.0,C[C@@H](Nc1c(Nc2ccnc(Nc3ccncn3)c2)c(=O)c1=O)c1ccccc1,6.173925197299173
256,CHEMBL525927,nM,1600.0,C[C@@H](Nc1c(Nc2ccnc(Nc3cnccn3)c2)c(=O)c1=O)c1ccccc1,5.795880017344075
257,CHEMBL466009,nM,2300.0,C[C@@H](Nc1c(Nc2ccnc(Nc3ncccn3)c2)c(=O)c1=O)c1ccccc1,5.638272163982407
258,CHEMBL468292,nM,3800.0,CC(=O)Nc1cc(Nc2c(N[C@H](C)c3ccccc3)c(=O)c2=O)ccn1,5.42021640338319
259,CHEMBL468322,nM,1300.0,C[C@@H](Nc1c(Nc2ccnc(NC(=O)c3cccnc3)c2)c(=O)c1=O)c1ccccc1,5.886056647693163
260,CHEMBL557101,nM,540.0,CC(=O)/C1=C/Cn2c3ccccc3c3c4c(c5c6ccccc6n(c5c32)C1)C(=O)NC4=O,6.267606240177031
261,CHEMBL99780,nM,40.0,COc1ccc2sc3c(c2c1)NC[C@@H](C)NC3=O,7.3979400086720375
262,CHEMBL557318,nM,16.0,C[C@@H]1CNc2c(sc3ccc4occc4c23)C(=O)N1,7.795880017344075
263,CHEMBL562754,nM,28.0,C[C@@H]1CNc2c(sc3ccc4c(c23)CCO4)C(=O)N1,7.552841968657781
264,CHEMBL561334,nM,1.0,C[C@@H]1CNc2c(sc3ccc4ncccc4c23)C(=O)N1,9.0
265,CHEMBL562194,nM,150.0,C[C@@H]1CNc2c(sc3ccc4oc(-c5ccccc5)cc4c23)C(=O)N1,6.823908740944319
266,CHEMBL556392,nM,2.0,C[C@@H]1CNc2c(sc3ccc4nc(Cl)ccc4c23)C(=O)N1,8.698970004336019
267,CHEMBL564076,nM,9.0,C[C@@H]1CNc2c(sc3ccc4nc(-c5ccccc5)ccc4c23)C(=O)N1,8.045757490560675
268,CHEMBL552339,nM,14.0,C[C@@H]1CNc2c(sc3ccc4nc(-c5ccncc5)ccc4c23)C(=O)N1,7.853871964321762
269,CHEMBL560075,nM,5.0,C[C@@H]1CNc2c(sc3ccc4nc(-c5cccnc5)ccc4c23)C(=O)N1,8.301029995663981
270,CHEMBL549585,nM,23.0,C[C@@H]1CNc2c(sc3ccc4nc(-c5cncnc5)ccc4c23)C(=O)N1,7.638272163982407
271,CHEMBL562137,nM,20.0,COc1ccccc1-c1ccc2c(ccc3sc4c(c32)NC[C@@H](C)NC4=O)n1,7.698970004336019
272,CHEMBL563307,nM,41.0,COc1cccc(-c2ccc3c(ccc4sc5c(c43)NC[C@@H](C)NC5=O)n2)c1,7.3872161432802645
273,CHEMBL554286,nM,14.0,C[C@@H]1CNc2c(sc3ccc4nc(-c5ccccc5F)ccc4c23)C(=O)N1,7.853871964321762
274,CHEMBL562606,nM,30.0,Cc1ccccc1-c1ccc2c(ccc3sc4c(c32)NC[C@@H](C)NC4=O)n1,7.522878745280337
275,CHEMBL549915,nM,5.0,Cc1ccncc1-c1ccc2c(ccc3sc4c(c32)NC[C@@H](C)NC4=O)n1,8.301029995663981
276,CHEMBL319171,nM,180.0,COc1ccc2sc3c(c2c1)NCCNC3=O,6.7447274948966935
277,CHEMBL100818,nM,300.0,COc1ccc2sc3c(c2c1)NC[C@H](C)NC3=O,6.522878745280337
278,CHEMBL539450,nM,1520.0,CCC[C@@H]1CNc2c(sc3ccc(OC)cc23)C(=O)N1,5.818156412055227
279,CHEMBL553397,nM,14.0,COc1ccc2sc3c(c2c1)NC[C@@H](CO)NC3=O,7.853871964321762
280,CHEMBL319170,nM,1090.0,COc1ccc2sc3c(c2c1)SCCNC3=O,5.962573502059376
281,CHEMBL571897,nM,500.0,COc1ccc2sc3c(c2c1)CCCNC3=O,6.301029995663981
282,CHEMBL555205,nM,5.0,COc1ccc2sc3c(c2c1)NC[C@@H](CN)NC3=O,8.301029995663981
283,CHEMBL550060,nM,570.0,CCNC[C@@H]1CNc2c(sc3ccc(OC)cc23)C(=O)N1,6.2441251443275085
284,CHEMBL560737,nM,450.0,CCCNC[C@@H]1CNc2c(sc3ccc(OC)cc23)C(=O)N1,6.346787486224656
285,CHEMBL551534,nM,570.0,COc1ccc2sc3c(c2c1)NC[C@@H](CNCc1ccccc1)NC3=O,6.2441251443275085
286,CHEMBL562002,nM,1910.0,COc1ccc2sc3c(c2c1)NC[C@@H](CN(C)Cc1ccccc1)NC3=O,5.718966632752272
287,CHEMBL559487,nM,190.0,C[C@@H]1CNc2c(sc3ccc(O)cc23)C(=O)N1,6.721246399047171
288,CHEMBL541448,nM,110.0,COc1cccc(COc2ccc3sc4c(c3c2)NC[C@@H](C)NC4=O)c1,6.958607314841775
289,CHEMBL563672,nM,1320.0,C[C@@H]1CNc2c(sc3ccc(OCC4CC4)cc23)C(=O)N1,5.8794260687941495
290,CHEMBL559411,nM,270.0,COCCOc1ccc2sc3c(c2c1)NC[C@@H](C)NC3=O,6.568636235841012
291,CHEMBL563308,nM,30.0,CC(C)COc1ccc2sc3c(c2c1)NC[C@@H](C)NC3=O,7.522878745280337
292,CHEMBL559881,nM,3440.0,COC(=O)COc1ccc2sc3c(c2c1)NC[C@@H](C)NC3=O,5.46344155742847
293,CHEMBL14249,nM,2800.0,Nc1ncnc2c1ncn2[C@@H]1O[C@H](COP(=O)(O)OP(=O)(O)OP(=O)(O)O)[C@@H](O)[C@H]1O,5.552841968657781
294,CHEMBL584423,nM,24000.0,Nc1nccc(Nc2ccc3[nH]ncc3c2)n1,4.619788758288394
295,CHEMBL584617,nM,14000.0,Nc1nccc(Nc2ccc3[nH]nc(I)c3c2)n1,4.853871964321762
296,CHEMBL591328,nM,5400.0,Nc1nccc(Nc2cc(-c3ccsc3)c3[nH]ncc3c2)n1,5.267606240177031
297,CHEMBL589650,nM,720.0,Nc1nccc(Nc2cc(-c3ccc4ccccc4c3)c3[nH]ncc3c2)n1,6.142667503568731
298,CHEMBL591305,nM,1600.0,Nc1nccc(Nc2cc(-c3cc4ccccc4s3)c3[nH]ncc3c2)n1,5.795880017344075
299,CHEMBL590110,nM,1300.0,Nc1nccc(Nc2cc(-c3cc4ccccc4o3)c3[nH]ncc3c2)n1,5.886056647693163
300,CHEMBL585958,nM,9100.0,Nc1nccc(Nc2cc(I)c3[nH]ncc3c2)n1,5.040958607678906
301,CHEMBL589626,nM,3400.0,Nc1nccc(Nc2ccc3[nH]nc(-c4ccsc4)c3c2)n1,5.468521082957745
302,CHEMBL590834,nM,310.0,Nc1nccc(Nc2ccc3[nH]nc(-c4ccc5ccccc5c4)c3c2)n1,6.508638306165727
303,CHEMBL600081,nM,160.0,Nc1nccc(Nc2ccc3[nH]nc(-c4cc5ccccc5s4)c3c2)n1,6.795880017344075
304,CHEMBL592288,nM,160.0,Nc1nccc(Nc2ccc3[nH]nc(-c4ccc[nH]4)c3c2)n1,6.795880017344075
305,CHEMBL591071,nM,1400.0,Nc1ncc2[nH]cc(-c3ccc4[nH]ncc4c3)c2n1,5.853871964321762
306,CHEMBL591797,nM,56.0,Nc1ncc2[nH]cc(-c3cc(-c4cc5ccccc5s4)c4[nH]ncc4c3)c2n1,7.251811972993799
307,CHEMBL584640,nM,49000.0,Nc1ncc2ccn(-c3ccc4[nH]ncc4c3)c2n1,4.309803919971486
308,CHEMBL589853,nM,1900.0,Cn1cc(-c2ccc3[nH]ncc3c2)c2nc(N)ncc21,5.721246399047171
309,CHEMBL590109,nM,19.0,NCCn1cc(-c2cc(-c3cc4ccccc4s3)c3[nH]ncc3c2)c2nc(N)ncc21,7.721246399047171
310,CHEMBL592030,nM,35.0,NCCCn1cc(-c2cc(-c3cc4ccccc4s3)c3[nH]ncc3c2)c2nc(N)ncc21,7.455931955649724
311,CHEMBL591329,nM,260.0,NCCCCn1cc(-c2cc(-c3cc4ccccc4s3)c3[nH]ncc3c2)c2nc(N)ncc21,6.585026652029182
312,CHEMBL592031,nM,960.0,Nc1ncc2c(n1)c(-c1cc(-c3cc4ccccc4s3)c3[nH]ncc3c1)cn2CCC1CCNCC1,6.017728766960431
313,CHEMBL590612,nM,37.0,Nc1ncc2c(n1)c(-c1cc(-c3cc4ccccc4s3)c3[nH]ncc3c1)cn2CCCO,7.431798275933005
314,CHEMBL591783,nM,820.0,COCCCn1cc(-c2cc(-c3cc4ccccc4s3)c3[nH]ncc3c2)c2nc(N)ncc21,6.086186147616283
315,CHEMBL596588,nM,1900.0,Nc1ncc2c(n1)c(-c1cc(-c3cc4ccccc4s3)c3[nH]ncc3c1)cn2CC(=O)O,5.721246399047171
316,CHEMBL594090,nM,20.0,Nc1ncc2c(n1)c(-c1cc(-c3cc4ccccc4s3)c3[nH]ncc3c1)cn2CCC(=O)O,7.698970004336019
317,CHEMBL603322,nM,41.0,NC(=O)CCn1cc(-c2cc(-c3cc4ccccc4s3)c3[nH]ncc3c2)c2nc(N)ncc21,7.3872161432802645
318,CHEMBL595933,nM,490.0,CC(C)n1cc(-c2cc(-c3cc4ccccc4s3)c3[nH]ncc3c2)c2nc(N)ncc21,6.309803919971486
319,CHEMBL606245,nM,22000.0,Cc1c(Nc2c(C#N)cncc2/C=C/CCN2CCC[C@@H](N)C2)ccc2[nH]ccc12,4.657577319177793
320,CHEMBL598506,nM,22600.0,COc1ccc(-n2cc(-c3ccc(C(N)=O)cc3)cn2)cc1,4.645891560852599
321,CHEMBL598237,nM,2000.0,COc1ccc(-n2cc(-c3ccc(C(N)=O)cc3)c(N)n2)cc1,5.698970004336019
322,CHEMBL598449,nM,22500.0,COc1ccc(-n2ncc(-c3ccc(C(N)=O)cc3)c2N)cc1,4.647817481888637
323,CHEMBL597628,nM,31200.0,COc1ccc(-n2cc(-c3ccc(C#N)cc3)c(N)n2)cc1,4.505845405981558
324,CHEMBL597629,nM,15400.0,COc1ccc(-n2cc(-c3ccc(S(N)(=O)=O)cc3)c(N)n2)cc1,4.812479279163537
325,CHEMBL590491,nM,6000.0,COc1ccc(-n2cc(-c3ccc4c(c3)CNC4=O)c(N)n2)cc1,5.221848749616356
326,CHEMBL610780,nM,84.0,COc1ccc(-n2cc(-c3ccc4c(c3)C(=O)NCC4)c(N)n2)cc1,7.075720713938118
327,CHEMBL599478,nM,1100.0,COc1ccc(-n2cc(-c3ccc4c(c3)C(=O)NCCC4)c(N)n2)cc1,5.958607314841775
328,CHEMBL599479,nM,350.0,COc1ccc(-n2cc(-c3ccc4c(c3)C(=O)NCCO4)c(N)n2)cc1,6.455931955649724
329,CHEMBL603694,nM,180.0,Nc1nn(-c2cccc(-c3cccc(O)c3)c2)cc1-c1ccc2c(c1)CCNC2=O,6.7447274948966935
330,CHEMBL599682,nM,180.0,COc1cccc(-c2cccc(-n3cc(-c4ccc5c(c4)CCNC5=O)c(N)n3)c2)c1,6.7447274948966935
331,CHEMBL605125,nM,180.0,CS(=O)(=O)Nc1cccc(-c2cccc(-n3cc(-c4ccc5c(c4)CCNC5=O)c(N)n3)c2)c1,6.7447274948966935
332,CHEMBL597640,nM,82.0,Nc1nn(-c2cccc(-c3ccc4nc[nH]c4c3)c2)cc1-c1ccc2c(c1)CCNC2=O,7.086186147616283
333,CHEMBL597839,nM,61.0,Nc1nn(-c2cccc(-c3ccc4cc[nH]c4c3)c2)cc1-c1ccc2c(c1)CCNC2=O,7.214670164989233
334,CHEMBL604510,nM,290.0,Cn1ccc2ccc(-c3cccc(-n4cc(-c5ccc6c(c5)CCNC6=O)c(N)n4)c3)cc21,6.537602002101044
335,CHEMBL598324,nM,220.0,Nc1nn(-c2cccc(-c3ccc4c(c3)NC(=O)C4)c2)cc1-c1ccc2c(c1)CCNC2=O,6.657577319177793
336,CHEMBL1087650,nM,17100.0,CN1C[C@@H]2C[C@H]1CN2c1ccc(-c2ccnc3c(-c4cccc(O)c4)c(-c4ccncc4)nn23)cc1,4.767003889607846
337,CHEMBL1078219,nM,22000.0,CC(C)=CCC/C(C)=C/C[C@]12C(=O)C(C(=O)c3ccc(O)c(O)c3)=C(O)[C@](C/C=C(\C)CCC=C(C)C)(C[C@@H](CC=C(C)C)C1(C)C)C2=O,4.657577319177793
338,CHEMBL1078220,nM,22000.0,CC(C)=CCC/C(C)=C/C[C@]12C[C@@H](CC=C(C)C)[C@](C)(CCC=C(C)C)[C@](CC=C(C)C)(C(=O)C(C(=O)c3ccc(O)c(O)c3)=C1O)C2=O,4.657577319177793
339,CHEMBL1092754,nM,6.5,Cn1cc(/C=C2\Oc3cccc(O)c3C2=O)c2c(-c3ccc(C(=O)NCCO)cc3)ccnc21,8.187086643357144
340,CHEMBL1091199,nM,5.7,Cc1ccc(C(=O)NC2CC2)cc1-c1cc2cnn(-c3ccc(F)cc3F)c2n(C)c1=O,8.244125144327509
341,CHEMBL1089865,nM,4.3,Cc1ccc(C(=O)NC2CC2)cc1-c1cc2cnn(-c3c(F)cccc3F)c2n(C)c1=O,8.366531544420413
342,CHEMBL1091928,nM,7.0,Cn1c(=O)c(-c2cc(C(=O)NC3CC3)ccc2Cl)cc2cnn(-c3c(F)cccc3F)c21,8.154901959985743
343,CHEMBL1209751,nM,22000.0,OCCc1ccc(Nc2ccnc3ccc(-c4ccccc4)cc23)cc1,4.657577319177793
344,CHEMBL1209752,nM,41000.0,CCc1ccc(Nc2ccnc3ccc(-c4ccccc4)cc23)cc1,4.3872161432802645
345,CHEMBL1209832,nM,120000.0,c1ccc(-c2ccc3nccc(Nc4ccc(N5CCOCC5)cc4)c3c2)cc1,3.920818753952375
346,CHEMBL1209833,nM,12000.0,O=C(O)c1ccc(Nc2ccnc3ccc(-c4ccc(Cl)cc4)cc23)cc1,4.920818753952375
347,CHEMBL1209834,nM,23000.0,Oc1ccc(Nc2ccnc3ccc(-c4ccc(Cl)cc4)cc23)cc1,4.638272163982407
348,CHEMBL1209835,nM,24000.0,Clc1ccc(-c2ccc3nccc(Nc4ccc(N5CCOCC5)cc4)c3c2)cc1,4.619788758288394
349,CHEMBL1209836,nM,29000.0,OCCc1ccc(Nc2ccnc3ccc(-c4ccc(Cl)cc4)cc23)cc1,4.5376020021010435
350,CHEMBL1208823,nM,27000.0,N#Cc1ccc(Nc2ccnc3ccc(-c4ccc(Cl)cc4)cc23)cc1,4.568636235841013
351,CHEMBL1208824,nM,15000.0,CN1CCN(C(=O)c2ccc(Nc3ccnc4ccc(-c5ccc(Cl)cc5)cc34)cc2)CC1,4.823908740944319
352,CHEMBL1208825,nM,33000.0,Cc1ccc(-c2ccc3nccc(Nc4cc(Cl)ccc4O)c3c2)cc1,4.481486060122113
353,CHEMBL1208826,nM,25000.0,Cc1ccc(-c2ccc3nccc(Nc4ccc(O)cc4)c3c2)cc1,4.6020599913279625
354,CHEMBL1208827,nM,27000.0,Cc1ccc(-c2ccc3nccc(Nc4ccc(C#N)cc4)c3c2)cc1,4.568636235841013
355,CHEMBL1208885,nM,35000.0,Cc1ccc(-c2ccc3nccc(Nc4cccc(C)c4C)c3c2)cc1,4.455931955649724
356,CHEMBL1208886,nM,43000.0,Oc1ccc(Cl)cc1Nc1ccnc2ccc(-c3ccccc3)cc12,4.366531544420414
357,CHEMBL1208887,nM,121000.0,Fc1cc(Cl)ccc1Nc1ccnc2ccc(-c3ccc(Cl)cc3)cc12,3.91721462968355
358,CHEMBL549224,nM,5200.0,CN1CCN(c2ccc(Nc3ccnc4ccc(-c5ccccc5)cc34)cc2)CC1,5.2839966563652006
359,CHEMBL1208888,nM,26000.0,CN1CCN(c2ccc(Nc3ccnc4ccc(-c5ccsc5)cc34)cc2)CC1,4.585026652029182
360,CHEMBL1208950,nM,400.0,CN1CCN(c2ccc(Nc3ccnc4ccc(-c5ccc(Br)cc5)cc34)cc2)CC1,6.3979400086720375
361,CHEMBL1208951,nM,600.0,CN1CCN(c2ccc(Nc3ccnc4ccc(-c5ccc(Cl)cc5)cc34)cc2)CC1,6.221848749616356
362,CHEMBL1209008,nM,700.0,CN1CCN(c2ccc(Nc3ccnc4ccc(-c5ccc(F)cc5)cc34)cc2)CC1,6.154901959985743
363,CHEMBL1209010,nM,9000.0,CN1CCN(c2ccc(Nc3ccnc4ccc(-c5cccc([N+](=O)[O-])c5)cc34)cc2)CC1,5.045757490560675
364,CHEMBL1209011,nM,14000.0,CN1CCN(c2ccc(Nc3ccnc4ccc(-c5cccc(N)c5)cc34)cc2)CC1,4.853871964321762
365,CHEMBL1209066,nM,1500.0,CN1CCN(c2ccc(Nc3ccnc4ccc(-c5cccc(C(F)(F)F)c5)cc34)cc2)CC1,5.823908740944319
366,CHEMBL1209067,nM,2600.0,CN1CCN(c2ccc(Nc3ccnc4ccc(-c5cccc(Cl)c5)cc34)cc2)CC1,5.585026652029182
367,CHEMBL1209068,nM,8000.0,COc1cccc(-c2ccc3nccc(Nc4ccc(N5CCN(C)CC5)cc4)c3c2)c1,5.096910013008056
368,CHEMBL1209069,nM,1800.0,CN1CCN(c2ccc(Nc3ccnc4ccc(-c5ccc(C=O)cc5)cc34)cc2)CC1,5.7447274948966935
369,CHEMBL1209119,nM,1400.0,CN1CCN(c2ccc(Nc3ccnc4ccc(-c5ccc(C(F)(F)F)cc5)cc34)cc2)CC1,5.853871964321762
370,CHEMBL1209120,nM,700.0,CSc1ccc(-c2ccc3nccc(Nc4ccc(N5CCN(C)CC5)cc4)c3c2)cc1,6.154901959985743
371,CHEMBL1209121,nM,800.0,Cc1ccc(-c2ccc3nccc(Nc4ccc(N5CCN(C)CC5)cc4)c3c2)cc1,6.096910013008056
372,CHEMBL1209122,nM,1400.0,Cc1cccc(-c2ccc3nccc(Nc4ccc(N5CCN(C)CC5)cc4)c3c2)c1,5.853871964321762
373,CHEMBL34241,nM,5400.0,CC(=O)c1c(O)c(C)c(O)c(Cc2c(O)c3c(c(C(=O)/C=C/c4ccccc4)c2O)OC(C)(C)C=C3)c1O,5.267606240177031
374,CHEMBL1783545,nM,2000.0,Nc1ncc(Cl)nc1CNC(=S)Nc1ccccc1,5.698970004336019
375,CHEMBL1783546,nM,20000.0,CCNC(=S)NCc1nc(Cl)cnc1N,4.698970004336019
376,CHEMBL1783547,nM,13000.0,CC(C)NC(=S)NCc1nc(Cl)cnc1N,4.886056647693163
377,CHEMBL1783548,nM,2500.0,CC(C)(C)NC(=S)NCc1nc(Cl)cnc1N,5.6020599913279625
378,CHEMBL1783549,nM,12000.0,Nc1ncc(Cl)nc1CNC(=S)NC1CC1,4.920818753952375
379,CHEMBL1783550,nM,53000.0,Nc1ncc(Cl)nc1CNC(=S)NC1CCCC1,4.275724130399211
380,CHEMBL1783551,nM,35000.0,Nc1ncc(Cl)nc1CNC(=S)NC1CCCCCC1,4.455931955649724
381,CHEMBL1783552,nM,36000.0,Nc1ncc(Cl)nc1CNC(=S)NCc1ccccc1,4.443697499232713
382,CHEMBL1783554,nM,22000.0,COCCNC(=S)NCc1nc(Cl)cnc1N,4.657577319177793
383,CHEMBL1783556,nM,91000.0,Nc1ncc(Cl)nc1CNC(=S)NC(=O)c1ccccc1,4.040958607678906
384,CHEMBL1783557,nM,3200.0,Nc1ncc(Cl)nc1CNC(=S)Nc1cccc2ccccc12,5.494850021680094
385,CHEMBL1783558,nM,32000.0,Nc1nccnc1CNC(=S)Nc1ccccc1,4.494850021680094
386,CHEMBL1783559,nM,4000.0,Cc1cnc(N)c(CNC(=S)Nc2ccccc2)n1,5.3979400086720375
387,CHEMBL1783560,nM,1500.0,CCc1cnc(N)c(CNC(=S)Nc2ccccc2)n1,5.823908740944319
388,CHEMBL1783561,nM,2300.0,CCCc1cnc(N)c(CNC(=S)Nc2ccccc2)n1,5.638272163982407
389,CHEMBL1783563,nM,470.0,Nc1ncc(C2CC2)nc1CNC(=S)Nc1ccccc1,6.327902142064282
390,CHEMBL1783564,nM,50000.0,Nc1ncc(-c2ccccc2)nc1CNC(=S)Nc1ccccc1,4.301029995663981
391,CHEMBL1783568,nM,2700.0,Cc1ccc(NC(=S)NCc2nc(Cl)cnc2N)cc1,5.568636235841012
392,CHEMBL1783569,nM,3700.0,Nc1ncc(Cl)nc1CNC(=S)Nc1ccc(Cl)cc1,5.431798275933005
393,CHEMBL1783570,nM,1900.0,COc1ccc(NC(=S)NCc2nc(Cl)cnc2N)cc1,5.721246399047171
394,CHEMBL1783571,nM,2600.0,CC(C)c1ccc(NC(=S)NCc2nc(Cl)cnc2N)cc1,5.585026652029182
395,CHEMBL1783572,nM,13700.0,CC(C)(C)c1ccc(NC(=S)NCc2nc(Cl)cnc2N)cc1,4.863279432843593
396,CHEMBL1783573,nM,3100.0,Nc1ncc(Cl)nc1CNC(=S)Nc1ccc(Br)cc1,5.508638306165727
397,CHEMBL1783574,nM,9900.0,Nc1ncc(Cl)nc1CNC(=S)Nc1ccc([N+](=O)[O-])cc1,5.004364805402449
398,CHEMBL1783575,nM,6900.0,N#Cc1ccc(NC(=S)NCc2nc(Cl)cnc2N)cc1,5.161150909262744
399,CHEMBL1783577,nM,2700.0,Nc1ncc(Cl)nc1CNC(=S)Nc1ccc(OCc2ccccc2)cc1,5.568636235841012
400,CHEMBL1783578,nM,6900.0,CC(=O)c1ccc(NC(=S)NCc2nc(Cl)cnc2N)cc1,5.161150909262744
401,CHEMBL1783579,nM,10700.0,CCOC(=O)c1ccc(NC(=S)NCc2nc(Cl)cnc2N)cc1,4.97061622231479
402,CHEMBL1783580,nM,7000.0,CN(C)c1ccc(NC(=S)NCc2nc(Cl)cnc2N)cc1,5.154901959985743
403,CHEMBL1783581,nM,5200.0,CC(=O)Nc1ccc(NC(=S)NCc2nc(Cl)cnc2N)cc1,5.2839966563652006
404,CHEMBL1783669,nM,2000.0,Nc1ccc(NC(=S)NCc2nc(Cl)cnc2N)cc1,5.698970004336019
405,CHEMBL1783670,nM,460.0,Nc1ncc(Cl)nc1CNC(=S)Nc1ccc(NC(=O)OCc2ccccc2)cc1,6.337242168318426
406,CHEMBL1783671,nM,3600.0,Cc1ccccc1NC(=S)NCc1nc(Cl)cnc1N,5.443697499232712
407,CHEMBL1783672,nM,1100.0,Nc1ncc(Cl)nc1CNC(=S)Nc1ccccc1Cl,5.958607314841775
408,CHEMBL1783673,nM,2600.0,COc1ccccc1NC(=S)NCc1nc(Cl)cnc1N,5.585026652029182
409,CHEMBL1783674,nM,2000.0,Nc1ncc(Cl)nc1CNC(=S)Nc1ccccc1F,5.698970004336019
410,CHEMBL1783675,nM,2500.0,CSc1ccccc1NC(=S)NCc1nc(Cl)cnc1N,5.6020599913279625
411,CHEMBL1783677,nM,9300.0,Cc1cccc(NC(=S)NCc2nc(Cl)cnc2N)c1,5.031517051446064
412,CHEMBL1783678,nM,11300.0,Nc1ncc(Cl)nc1CNC(=S)Nc1cccc(Cl)c1,4.94692155651658
413,CHEMBL1783679,nM,14500.0,COc1cccc(NC(=S)NCc2nc(Cl)cnc2N)c1,4.838631997765025
414,CHEMBL1783680,nM,2500.0,COc1ccc(NC(=S)NCc2nc(Cl)cnc2N)c(OC)c1,5.6020599913279625
415,CHEMBL1783681,nM,4300.0,Nc1ncc(Cl)nc1CNC(=S)Nc1ccc(Cl)cc1Cl,5.366531544420413
416,CHEMBL1783682,nM,40000.0,COc1ccc(NC(=S)NCc2nc(Cl)cnc2N)cc1OC,4.3979400086720375
417,CHEMBL1783683,nM,40000.0,Nc1ncc(Cl)nc1CNC(=S)Nc1ccc(Cl)c(Cl)c1,4.3979400086720375
418,CHEMBL1783684,nM,27000.0,Nc1ncc(Cl)nc1CNC(=S)Nc1cc(Cl)cc(Cl)c1,4.568636235841013
419,CHEMBL1783685,nM,940.0,COC(=O)Nc1ccc(NC(=S)NCc2nc(Cl)cnc2N)cc1,6.026872146400301
420,CHEMBL1783686,nM,310.0,CCOC(=O)Nc1ccc(NC(=S)NCc2nc(Cl)cnc2N)cc1,6.508638306165727
421,CHEMBL1783687,nM,230.0,CCCCOC(=O)Nc1ccc(NC(=S)NCc2nc(Cl)cnc2N)cc1,6.638272163982407
422,CHEMBL1783688,nM,150.0,CC(C)COC(=O)Nc1ccc(NC(=S)NCc2nc(Cl)cnc2N)cc1,6.823908740944319
423,CHEMBL1783689,nM,190.0,CC(C)(C)OC(=O)Nc1ccc(NC(=S)NCc2nc(Cl)cnc2N)cc1,6.721246399047171
424,CHEMBL1783668,nM,1500.0,CC(C)COC(=O)N(c1ccccc1)c1ccc(NC(=S)NCc2nc(Cl)cnc2N)cc1,5.823908740944319
425,CHEMBL1783690,nM,1700.0,CNC(=O)Nc1ccc(NC(=S)NCc2nc(Cl)cnc2N)cc1,5.769551078621726
426,CHEMBL1783691,nM,700.0,CC(C)(C)NC(=O)Nc1ccc(NC(=S)NCc2nc(Cl)cnc2N)cc1,6.154901959985743
427,CHEMBL1783692,nM,210.0,Cc1cnc(N)c(CNC(=S)Nc2ccc(NC(=O)OC(C)(C)C)cc2)n1,6.6777807052660805
428,CHEMBL1783693,nM,730.0,Cc1cnc(N)c(CNC(=S)Nc2ccc(NC(=O)Oc3ccccc3)cc2)n1,6.136677139879544
429,CHEMBL1783694,nM,10000.0,CCOC(=O)N(C)c1ccc(NC(=S)NCc2nc(C)cnc2N)cc1,5.0
430,CHEMBL1783695,nM,2900.0,Cc1cnc(N)c(CNC(=S)Nc2ccc(OC(=O)OC(C)(C)C)cc2)n1,5.537602002101044
431,CHEMBL1783696,nM,13300.0,CCC(=O)Nc1ccc(NC(=S)NCc2nc(C)cnc2N)cc1,4.876148359032914
432,CHEMBL1783697,nM,2300.0,CCCC(=O)Nc1ccc(NC(=S)NCc2nc(C)cnc2N)cc1,5.638272163982407
433,CHEMBL1783698,nM,1500.0,CCCCC(=O)Nc1ccc(NC(=S)NCc2nc(C)cnc2N)cc1,5.823908740944319
434,CHEMBL1783699,nM,3800.0,Cc1cnc(N)c(CNC(=S)Nc2ccc(NC(=O)Cc3ccccc3)cc2)n1,5.42021640338319
435,CHEMBL1783700,nM,580.0,Cc1cnc(N)c(CNC(=S)Nc2ccc(NC(=O)c3ccccc3)cc2)n1,6.236572006437063
436,CHEMBL1783701,nM,210.0,Cc1cnc(N)c(CNC(=S)Nc2ccc3[nH]c(=O)oc3c2)n1,6.6777807052660805
437,CHEMBL1783702,nM,15000.0,Cc1cnc(N)c(CNC(=S)Nc2ccc3[nH]c(=O)[nH]c3c2)n1,4.823908740944319
438,CHEMBL1783703,nM,27000.0,Cc1cnc(N)c(CNC(=S)Nc2ccc3c(c2)CC(=O)N3)n1,4.568636235841013
439,CHEMBL1783704,nM,15000.0,Cc1cnc(N)c(CNC(=S)Nc2ccc3[nH]c(=O)sc3c2)n1,4.823908740944319
440,CHEMBL1783705,nM,14000.0,Cc1cnc(N)c(CNC(=S)Nc2ccc3oc(=O)[nH]c3c2)n1,4.853871964321762
441,CHEMBL1783707,nM,140.0,CCc1cnc(N)c(CNC(=S)Nc2ccc(NC(=O)OC(C)(C)C)cc2)n1,6.853871964321762
442,CHEMBL1783708,nM,45.0,CCCc1cnc(N)c(CNC(=S)Nc2ccc(NC(=O)OC(C)(C)C)cc2)n1,7.346787486224656
443,CHEMBL1783709,nM,103.0,CC(C)(C)OC(=O)Nc1ccc(NC(=S)NCc2nc(C3CC3)cnc2N)cc1,6.987162775294828
444,CHEMBL1783710,nM,20.0,CCCc1cnc(N)c(CNC(=S)Nc2ccc3[nH]c(=O)oc3c2)n1,7.698970004336019
445,CHEMBL1783711,nM,30.0,CCCCc1cnc(N)c(CNC(=S)Nc2ccc3[nH]c(=O)oc3c2)n1,7.522878745280337
446,CHEMBL1783712,nM,15.0,Nc1ncc(C2CC2)nc1CNC(=S)Nc1ccc2[nH]c(=O)oc2c1,7.823908740944319
447,CHEMBL1783713,nM,83.0,CC(C)(C)NC(=O)Nc1ccc(NC(=S)NCc2nc(C3CC3)cnc2N)cc1,7.080921907623926
448,CHEMBL1801296,nM,4.0,CN1CCC2(CC1)CNC(=O)c1c2[nH]c2c1CCc1cnc(-c3ccccc3F)cc1-2,8.397940008672037
449,CHEMBL1801304,nM,6.0,COCCOc1cncc(-c2ncc3c(n2)-c2[nH]c4c(c2CC3)C(=O)NCC42CN(C)C2)c1,8.221848749616356
450,CHEMBL1801305,nM,6.0,CN1CC2(CNC(=O)c3c2[nH]c2c3CCc3cnc(-c4cccc(F)c4)nc3-2)C1,8.221848749616356
451,CHEMBL1801307,nM,7.0,CN1CC2(CNC(=O)c3c2[nH]c2c3CCc3cnc(-c4ccc(F)nc4)nc3-2)C1,8.154901959985743
452,CHEMBL1801274,nM,8.0,O=C1NCCc2[nH]c3c(c21)CCc1cnc(-c2cccc(F)c2)cc1-3,8.096910013008056
453,CHEMBL1614995,nM,10.0,COCCOc1cncc(-c2cc3c(ccc4c5c([nH]c43)CCNC5=O)cn2)c1,8.0
454,CHEMBL1801294,nM,12.0,COc1ccc(-c2cc3c(cn2)CCc2c-3[nH]c3c2C(=O)NC2(CNC2)C3)cc1,7.920818753952375
455,CHEMBL1801312,nM,13.0,CN1CC2(CNC(=O)c3c4c(n(C)c32)-c2cc(-c3ccccc3F)ncc2CC4)C1,7.886056647693163
456,CHEMBL1801284,nM,17.0,O=C1NCC2(CNC2)c2[nH]c3c(c21)CCc1cnc(-c2ccccc2F)cc1-3,7.769551078621726
457,CHEMBL1801311,nM,20.0,Cn1c2c(c3c1C1(CNC1)CNC3=O)CCc1cnc(-c3ccccc3F)cc1-2,7.698970004336019
458,CHEMBL1801283,nM,27.0,O=C1NCC2(CC2)c2[nH]c3c(c21)CCc1cnc(-c2ccc(F)nc2)cc1-3,7.568636235841012
459,CHEMBL1801303,nM,34.0,CN1CC2(CNC(=O)c3c2[nH]c2c3CCc3cnc(-c4ccccc4F)nc3-2)C1,7.468521082957745
460,CHEMBL1801194,nM,37.0,O=C1NCCc2[nH]c3c(c21)CCc1cnc(-c2ccccc2F)cc1-3,7.431798275933005
461,CHEMBL1801195,nM,40.0,COCCOc1cncc(-c2cc3c(cn2)CCc2c-3[nH]c3c2C(=O)NCC3)c1,7.3979400086720375
462,CHEMBL1801295,nM,45.0,COc1ccc(-c2cc3c(cn2)CCc2c-3[nH]c3c2C(=O)NC2(C3)CN(C)C2)cc1,7.346787486224656
463,CHEMBL1801279,nM,50.0,O=C1NC2(CC2)Cc2[nH]c3c(c21)CCc1cnc(-c2ccc(F)nc2)cc1-3,7.301029995663981
464,CHEMBL1801275,nM,80.0,COc1ccc(-c2cc3c(cn2)CCc2c-3[nH]c3c2C(=O)NCC3)cc1,7.096910013008056
465,CHEMBL1801280,nM,100.0,O=C1NC2(CC2)Cc2[nH]c3c(c21)CCc1cnc(-c2ccc(OCCN4CCOCC4)cc2)cc1-3,7.0
466,CHEMBL1801281,nM,100.0,O=C1NCC2(CC2)c2[nH]c3c(c21)CCc1cnc(-c2cccc(F)c2)cc1-3,7.0
467,CHEMBL1801293,nM,120.0,CC(=O)N1CC2(CNC(=O)c3c2[nH]c2c3CCc3cnc(-c4ccccc4F)cc3-2)C1,6.920818753952375
468,CHEMBL1801300,nM,120.0,O=C1NC2(CC2)Cc2[nH]c3c(c21)CCc1cnc(-c2ccc(F)nc2)nc1-3,6.920818753952375
469,CHEMBL1801282,nM,130.0,COc1ccc(-c2cc3c(cn2)CCc2c-3[nH]c3c2C(=O)NCC32CC2)cc1,6.886056647693163
470,CHEMBL1801276,nM,140.0,O=C1NC2(CC2)Cc2[nH]c3c(c21)CCc1cnc(-c2ccccc2F)cc1-3,6.853871964321762
471,CHEMBL1801302,nM,150.0,COc1ccc(-c2ncc3c(n2)-c2[nH]c4c(c2CC3)C(=O)NCC42CC2)cc1,6.823908740944319
472,CHEMBL1801278,nM,175.0,COc1ccc(-c2cc3c(cn2)CCc2c-3[nH]c3c2C(=O)NC2(CC2)C3)cc1,6.756961951313706
473,CHEMBL1801196,nM,180.0,COCCOc1cncc(-c2cc3c(cn2)CCCc2c-3[nH]c3c2C(=O)NCC3)c1,6.7447274948966935
474,CHEMBL1801301,nM,180.0,O=C1NC2(CC2)Cc2[nH]c3c(c21)CCc1cnc(-c2ccc(OCCN4CCOCC4)cc2)nc1-3,6.7447274948966935
475,CHEMBL1801285,nM,200.0,O=C1NCC2(CNC2)c2[nH]c3c(c21)CCc1cnc(-c2cccc(F)c2)cc1-3,6.698970004336019
476,CHEMBL1801287,nM,200.0,CN1CC2(CNC(=O)c3c2[nH]c2c3CCc3cnc(-c4cccc(F)c4)cc3-2)C1,6.698970004336019
477,CHEMBL1801309,nM,200.0,O=C1NCC2(CNC2)c2oc3c(c21)CCc1cnc(-c2cccc(F)c2)cc1-3,6.698970004336019
478,CHEMBL1801273,nM,230.0,CN1CC2(CNC(=O)c3c2[nH]c2c3Cc3cnc(-c4ccccc4F)cc3-2)C1,6.638272163982407
479,CHEMBL1801277,nM,230.0,O=C1NC2(CC2)Cc2[nH]c3c(c21)CCc1cnc(-c2cccc(F)c2)cc1-3,6.638272163982407
480,CHEMBL1801292,nM,230.0,O=C1NCC2(CN(CCF)C2)c2[nH]c3c(c21)CCc1cnc(-c2ccccc2F)cc1-3,6.638272163982407
481,CHEMBL1801297,nM,270.0,COc1ccc(-c2ncc3c(n2)-c2[nH]c4c(c2CC3)C(=O)NCC4)cc1,6.568636235841012
482,CHEMBL1233942,nM,300.0,CN1CC2(CNC(=O)c3c2[nH]c2c3CCc3cnc(-c4ccccc4F)cc3-2)C1,6.522878745280337
483,CHEMBL1801288,nM,700.0,COc1ccc(-c2cc3c(cn2)CCc2c-3[nH]c3c2C(=O)NCC32CN(C)C2)cc1,6.154901959985743
484,CHEMBL1801298,nM,860.0,O=C1NC2(CC2)Cc2[nH]c3c(c21)CCc1cnc(-c2ccccc2F)nc1-3,6.065501548756432
485,CHEMBL1801299,nM,900.0,COc1ccc(-c2ncc3c(n2)-c2[nH]c4c(c2CC3)C(=O)NC2(CC2)C4)cc1,6.045757490560675
486,CHEMBL1801289,nM,1200.0,CN1CC2(CNC(=O)c3c2[nH]c2c3CCc3cnc(-c4ccc(F)nc4)cc3-2)C1,5.920818753952375
487,CHEMBL1801290,nM,1200.0,CN1CC2(CNC(=O)c3c2[nH]c2c3CCc3cnc(-c4ccc(OCCN5CCOCC5)cc4)cc3-2)C1,5.920818753952375
488,CHEMBL1801286,nM,1400.0,COCCCOc1cncc(-c2cc3c(cn2)CCc2c-3[nH]c3c2C(=O)NCC32CN(C)C2)c1,5.853871964321762
489,CHEMBL1801291,nM,1500.0,CCN1CC2(CNC(=O)c3c2[nH]c2c3CCc3cnc(-c4ccccc4F)cc3-2)C1,5.823908740944319
490,CHEMBL1801308,nM,2800.0,CN1CC2(CNC(=O)c3c2[nH]c2c3CCc3cnc(-c4ccc(OCCN5CCOCC5)cc4)nc3-2)C1,5.552841968657781
491,CHEMBL1801306,nM,3000.0,COc1ccc(-c2ncc3c(n2)-c2[nH]c4c(c2CC3)C(=O)NCC42CN(C)C2)cc1,5.522878745280337
492,CHEMBL1801310,nM,3300.0,CN1CC2(CNC(=O)c3c2oc2c3CCc3cnc(-c4cccc(F)c4)cc3-2)C1,5.481486060122112
493,CHEMBL1801313,nM,14.0,NCc1[nH]c2c(ccc3cnc(/C=C/c4ccccc4)cc32)c1C(=O)O,7.853871964321762
494,CHEMBL1801314,nM,60.0,CNCc1[nH]c2c(ccc3cnc(/C=C/c4ccccc4)cc32)c1C(=O)O,7.221848749616356
495,CHEMBL1801315,nM,25.0,O=C1NOCc2[nH]c3c(ccc4cnc(/C=C/c5ccccc5)cc43)c21,7.6020599913279625
496,CHEMBL1801316,nM,23.0,COc1ccc(-c2cc3c(ccc4c5c([nH]c43)CN(C)NC5=O)cn2)cc1,7.638272163982407
497,CHEMBL1801373,nM,10.0,O=C1NCc2[nH]c3c(ccc4cnc(/C=C/c5ccccc5)cc43)c21,8.0
498,CHEMBL1801374,nM,8.0,O=C1NCc2[nH]c3c(ccc4cnc(/C=C/c5ccc(CN6CCOCC6)cc5)cc43)c21,8.096910013008056
499,CHEMBL1801375,nM,10.0,O=C1NCc2[nH]c3c(ccc4cnc(/C=C/c5cccc(CCN6CCOCC6)c5)cc43)c21,8.0
500,CHEMBL1801376,nM,73.0,O=C1NCc2[nH]c3c(ccc4cnc(Nc5cccc(F)c5)cc43)c21,7.136677139879544
501,CHEMBL1801377,nM,27.0,COc1ccc(-c2cc3c(ccc4c5c([nH]c43)CNC5=O)cn2)cc1,7.568636235841012
502,CHEMBL1801378,nM,85.0,O=C1NCc2[nH]c3c(ccc4cnc(-c5ccccc5F)cc43)c21,7.070581074285707
503,CHEMBL1801379,nM,900.0,O=C1NCc2[nH]c3c(ccc4cnc(-c5ccccc5C(F)(F)F)cc43)c21,6.045757490560675
504,CHEMBL1801380,nM,32.0,O=C1NCc2[nH]c3c(ccc4cnc(-c5cccc(OCCN6CCOCC6)c5)cc43)c21,7.494850021680094
505,CHEMBL1801381,nM,5.0,O=C1NCc2[nH]c3c(ccc4cnc(-c5cncc(OCCN6CCOCC6)c5)cc43)c21,8.301029995663981
506,CHEMBL1801382,nM,5.0,COCCOc1cncc(-c2cc3c(ccc4c5c([nH]c43)CNC5=O)cn2)c1,8.301029995663981
507,CHEMBL1801383,nM,1189.0,CN1Cc2[nH]c3c(ccc4cnc(/C=C/c5ccccc5)cc43)c2C1=O,5.924818145381309
508,CHEMBL1801384,nM,1.0,O=C1NCCc2[nH]c3c(ccc4cnc(/C=C/c5ccc(CN6CCOCC6)cc5)cc43)c21,9.0
509,CHEMBL1801385,nM,5.0,O=C1NCCc2[nH]c3c(ccc4cnc(/C=C/c5cccc(CCN6CCOCC6)c5)cc43)c21,8.301029995663981
510,CHEMBL1801386,nM,15.0,COc1ccc(-c2cc3c(ccc4c5c([nH]c43)CCNC5=O)cn2)cc1F,7.823908740944319
511,CHEMBL1801387,nM,16.0,O=C1NCCc2[nH]c3c(ccc4cnc(-c5cccc(OCCN6CCOCC6)c5)cc43)c21,7.795880017344075
512,CHEMBL1801388,nM,10.0,O=C1NCCc2[nH]c3c(ccc4cnc(-c5cncc(OCCN6CCOCC6)c5)cc43)c21,8.0
513,CHEMBL1801389,nM,160.0,COc1ccc(-c2cc3c(ccc4c5c([nH]c43)CCC5=O)cn2)cc1F,6.795880017344075
514,CHEMBL1801390,nM,116.0,O=C1NCCCc2[nH]c3c(ccc4cnc(/C=C/c5ccccc5)cc43)c21,6.935542010773082
515,CHEMBL1801391,nM,253.0,O=C1NCCCc2[nH]c3c(ccc4cnc(/C=C/c5ccc(CN6CCOCC6)cc5)cc43)c21,6.596879478824182
516,CHEMBL1801392,nM,172.0,O=C1NCCCc2[nH]c3c(ccc4cnc(/C=C/c5cccc(CCN6CCOCC6)c5)cc43)c21,6.764471553092451
517,CHEMBL1801091,nM,72.0,COc1ccc(-c2cc3c(ccc4c5c([nH]c43)CCCNC5=O)cn2)cc1,7.142667503568731
518,CHEMBL1801088,nM,167.0,O=C1NCCCc2[nH]c3c(ccc4cnc(-c5ccccc5OCCN5CCOCC5)cc43)c21,6.777283528852417
519,CHEMBL1801089,nM,80.0,O=C1NCCCc2[nH]c3c(ccc4cnc(-c5cncc(OCCN6CCOCC6)c5)cc43)c21,7.096910013008056
520,CHEMBL1801090,nM,96.0,COCCOc1cncc(-c2cc3c(ccc4c5c([nH]c43)CCCNC5=O)cn2)c1,7.017728766960431
521,CHEMBL1813625,nM,35000.0,CN1CCN(c2ccc(-c3cc4c(c(N)nn4C)c(=O)[nH]3)cc2)CC1,4.455931955649724
522,CHEMBL1938681,nM,110.0,O=C(c1ccc(-c2ccc(Cl)cc2)o1)N(Cc1ccccn1)c1ccc(N2CCNCC2)cc1,6.958607314841775
523,CHEMBL1940509,nM,115.0,N#Cc1ccc(-c2ccc(C(=O)N(Cc3ccccn3)c3ccc(N4CCNCC4)cc3)o2)cc1,6.939302159646388
524,CHEMBL1940510,nM,4743.0,O=C(c1ccc(-c2ccc(Cl)cc2)o1)N(Cc1ccccn1)C1CCC(N2CCNCC2)CC1,5.3239468753481285
525,CHEMBL1940511,nM,10000.0,CN1CCN(CCCN(Cc2ccccn2)C(=O)c2ccc(-c3ccc(C#N)cc3)o2)CC1,5.0
526,CHEMBL1940512,nM,10000.0,N#Cc1ccc(-c2ccc(C(=O)N(Cc3ccccn3)C3CCNCC3)o2)cc1,5.0
527,CHEMBL1940513,nM,79.0,Cc1cccc(CN(C(=O)c2ccc(-c3ccc(C#N)cc3)o2)c2ccc(N3CCNCC3)cc2)n1,7.102372908709558
528,CHEMBL1940516,nM,41.0,N#Cc1ccc(-c2ccc(C(=O)N(Cc3ccc(-c4ccccc4)cc3)c3ccc(N4CCNCC4)cc3)o2)cc1,7.3872161432802645
529,CHEMBL1940517,nM,70.0,N#Cc1ccc(-c2ccc(C(=O)N(Cc3cccc(-c4ccccc4)c3)c3ccc(N4CCNCC4)cc3)o2)cc1,7.154901959985743
530,CHEMBL1940518,nM,9.0,N#Cc1ccc(-c2ccc(C(=O)N(Cc3ccccc3-c3ccccc3)c3ccc(N4CCNCC4)cc3)o2)cc1,8.045757490560675
531,CHEMBL1940519,nM,1920.0,N#Cc1ccc(-c2ccc(C(=O)N(Cc3ccc(-c4ccccc4F)cc3)c3ccc(N4CCNCC4)cc3)o2)cc1,5.71669877129645
532,CHEMBL1940520,nM,1450.0,N#Cc1ccc(-c2ccc(C(=O)N(Cc3cccc(-c4ccccc4F)c3)c3ccc(N4CCNCC4)cc3)o2)cc1,5.838631997765026
533,CHEMBL1940521,nM,12.0,N#Cc1ccc(-c2ccc(C(=O)N(Cc3ccccc3-c3ccccc3F)c3ccc(N4CCNCC4)cc3)o2)cc1,7.920818753952375
534,CHEMBL1940522,nM,128.0,N#Cc1ccc(-c2ccc(C(=O)N(Cc3ccc(-c4ccncc4)cc3)c3ccc(N4CCNCC4)cc3)o2)cc1,6.892790030352131
535,CHEMBL1940523,nM,110.0,N#Cc1ccc(-c2ccc(C(=O)N(Cc3cccc(-c4ccncc4)c3)c3ccc(N4CCNCC4)cc3)o2)cc1,6.958607314841775
536,CHEMBL1940524,nM,12.0,N#Cc1ccc(-c2ccc(C(=O)N(Cc3ccccc3-c3ccncc3)c3ccc(N4CCNCC4)cc3)o2)cc1,7.920818753952375
537,CHEMBL1940643,nM,285.0,Cc1ccccc1-c1ccccc1CN(C(=O)c1ccc(-c2ccc(C#N)cc2)o1)c1ccc(N2CCNCC2)cc1,6.54515513999149
538,CHEMBL1938419,nM,258.0,Cc1cccc(C)c1-c1ccccc1CN(C(=O)c1ccc(-c2ccc(C#N)cc2)o1)c1ccc(N2CCNCC2)cc1,6.58838029403677
539,CHEMBL1940644,nM,21.0,Cc1noc(C)c1-c1ccccc1CN(C(=O)c1ccc(-c2ccc(C#N)cc2)o1)c1ccc(N2CCNCC2)cc1,7.6777807052660805
540,CHEMBL1940645,nM,8.0,N#Cc1ccc(-c2ccc(C(=O)N(Cc3ccccc3-c3ccc(C#N)cc3)c3ccc(N4CCNCC4)cc3)o2)cc1,8.096910013008056
541,CHEMBL1940646,nM,19.0,N#Cc1ccc(-c2ccc(C(=O)N(Cc3ccccc3-c3cccc(C#N)c3)c3ccc(N4CCNCC4)cc3)o2)cc1,7.721246399047171
542,CHEMBL1940647,nM,12.0,COc1cccc(-c2ccccc2CN(C(=O)c2ccc(-c3ccc(C#N)cc3)o2)c2ccc(N3CCNCC3)cc2)c1,7.920818753952375
543,CHEMBL1940648,nM,9.0,N#Cc1ccc(-c2ccc(C(=O)N(Cc3ccccc3-c3cccnc3)c3ccc(N4CCNCC4)cc3)o2)cc1,8.045757490560675
544,CHEMBL1940649,nM,14.0,N#Cc1ccc(-c2ccc(C(=O)N(Cc3ccccc3-c3ccccn3)c3ccc(N4CCNCC4)cc3)o2)cc1,7.853871964321762
545,CHEMBL1940650,nM,27.0,N#Cc1ccc(-c2ccc(C(=O)N(Cc3ccccc3-c3cncnc3)c3ccc(N4CCNCC4)cc3)o2)cc1,7.568636235841012
546,CHEMBL1940651,nM,20.0,COc1cncc(-c2ccccc2CN(C(=O)c2ccc(-c3ccc(C#N)cc3)o2)c2ccc(N3CCNCC3)cc2)c1,7.698970004336019
547,CHEMBL1940652,nM,8.0,COc1ccncc1-c1ccccc1CN(C(=O)c1ccc(-c2ccc(C#N)cc2)o1)c1ccc(N2CCNCC2)cc1,8.096910013008056
548,CHEMBL1940653,nM,43.0,COc1ccc(-c2ccccc2CN(C(=O)c2ccc(-c3ccc(C#N)cc3)o2)c2ccc(N3CCNCC3)cc2)cn1,7.366531544420414
549,CHEMBL1940654,nM,24.0,COc1cc(-c2ccccc2CN(C(=O)c2ccc(-c3ccc(C#N)cc3)o2)c2ccc(N3CCNCC3)cc2)ccn1,7.619788758288394
550,CHEMBL1940655,nM,52.0,COc1ncc(-c2ccccc2CN(C(=O)c2ccc(-c3ccc(C#N)cc3)o2)c2ccc(N3CCNCC3)cc2)cn1,7.2839966563652006
551,CHEMBL1940656,nM,20.0,COc1ccccc1-c1ccccc1CN(C(=O)c1ccc(-c2ccc(C#N)cc2)o1)c1ccc(N2CCNCC2)cc1,7.698970004336019
552,CHEMBL1940657,nM,12.0,COc1ccccc1-c1ncccc1CN(C(=O)c1ccc(-c2ccc(C#N)cc2)o1)c1ccc(N2CCNCC2)cc1,7.920818753952375
553,CHEMBL1940658,nM,9.0,COc1ccncc1-c1ncccc1CN(C(=O)c1ccc(-c2ccc(C#N)cc2)o1)c1ccc(N2CCNCC2)cc1,8.045757490560675
554,CHEMBL1940659,nM,100.0,N#Cc1ccc(-c2ccc(C(=O)N(Cc3cccnc3-c3cncnc3)c3ccc(N4CCNCC4)cc3)o2)cc1,7.0
555,CHEMBL1940660,nM,258.0,N#Cc1ccc(-c2ccc(C(=O)N(Cc3ccccc3-c3ccccc3)c3ccc(N4CCNCC4)cc3)o2)cn1,6.58838029403677
556,CHEMBL1940661,nM,177.0,N#Cc1ccc(-c2ccc(C(=O)N(Cc3ccccc3-c3cccnc3)c3ccc(N4CCNCC4)cc3)o2)cn1,6.752026733638193
557,CHEMBL1938680,nM,5500.0,O=C(Nc1ccc(N2CCNCC2)cc1)c1ccc(-c2ccc(Cl)cc2)o1,5.259637310505756
558,CHEMBL1938682,nM,96.0,O=C1Nc2ccc(N3CCNCC3)cc2Cc2cc(-c3ccc(Cl)cc3)oc21,7.017728766960431
559,CHEMBL1938683,nM,110.0,N#Cc1ccc(-c2cc3c(o2)C(=O)Nc2ccc(N4CCNCC4)cc2C3)cc1,6.958607314841775
560,CHEMBL1938684,nM,7.0,Clc1ccc(-c2cc3c(o2)-c2nccn2-c2ccc(N4CCNCC4)cc2C3)cc1,8.154901959985743
561,CHEMBL1938685,nM,2.9,N#Cc1ccc(-c2cc3c(o2)-c2nccn2-c2ccc(N4CCNCC4)cc2C3)cc1,8.537602002101044
562,CHEMBL1938686,nM,9.3,Clc1ccc(-c2cc3c(o2)-c2nncn2-c2ccc(N4CCNCC4)cc2C3)cc1,8.031517051446064
563,CHEMBL1938687,nM,3.8,N#Cc1ccc(-c2cc3c(o2)-c2nncn2-c2ccc(N4CCNCC4)cc2C3)cc1,8.42021640338319
564,CHEMBL1938688,nM,15.0,Fc1ccc(-c2cc3c(o2)-c2nncn2-c2ccc(N4CCNCC4)cc2C3)cc1,7.823908740944319
565,CHEMBL1938689,nM,9.2,Cc1cnc2n1-c1ccc(N3CCNCC3)cc1Cc1cc(-c3ccc(Cl)cc3)oc1-2,8.036212172654444
566,CHEMBL1938690,nM,880.0,Cc1nnc2n1-c1ccc(N3CCNCC3)cc1Cc1cc(-c3ccc(Cl)cc3)oc1-2,6.055517327849831
567,CHEMBL1938691,nM,18.0,Clc1ccc(-c2cc3c(o2)-c2nccn2-c2ccc(N4CCNCC4)cc2OC3)cc1,7.7447274948966935
568,CHEMBL1938692,nM,110.0,O=C1Nc2ccc(N3CCNCC3)cc2OCc2cc(-c3ccc(Cl)cc3)oc21,6.958607314841775
569,CHEMBL2017442,nM,8000.0,O=C(Nc1ccc(N2CCNCC2)cc1)c1ccc(-c2ccccc2Cl)o1,5.096910013008056
570,CHEMBL2017444,nM,7600.0,O=C(Nc1ccc(N2CCNCC2)cc1)c1ccc(-c2ccc(Cl)cc2Cl)o1,5.119186407719209
571,CHEMBL2017445,nM,5900.0,Cc1cc(Cl)ccc1-c1ccc(C(=O)Nc2ccc(N3CCNCC3)cc2)o1,5.229147988357855
572,CHEMBL2017446,nM,20000.0,O=C(Nc1ccc(N2CCNCC2)cc1)c1ccc(-c2ccc(C(F)(F)F)cc2)o1,4.698970004336019
573,CHEMBL2017447,nM,22000.0,COc1ccc(-c2ccc(C(=O)Nc3ccc(N4CCNCC4)cc3)o2)cc1,4.657577319177793
574,CHEMBL2017448,nM,6900.0,O=C(Nc1ccc(N2CCNCC2)cc1)c1ccc(-c2ccc(Cl)s2)o1,5.161150909262744
575,CHEMBL2017449,nM,6700.0,O=C(Nc1ccc(N2CCNCC2)c(F)c1)c1ccc(-c2ccc(Cl)cc2)o1,5.173925197299173
576,CHEMBL1392696,nM,6000.0,CN1CCN(c2ccc(NC(=O)c3ccc(-c4ccc(Cl)cc4)o3)cc2)CC1,5.221848749616356
577,CHEMBL2017452,nM,2100.0,O=C(Nc1ccc(C2=CCNCC2)cc1)c1ccc(-c2ccc(Cl)cc2)o1,5.6777807052660805
578,CHEMBL2017453,nM,15000.0,O=C(Nc1ccc(N2CCNCC2=O)cc1)c1ccc(-c2ccc(Cl)cc2)o1,4.823908740944319
579,CHEMBL2017454,nM,9000.0,O=C(Nc1ccc(N2CCNCC2)cc1)c1ccc(-c2ccc(Cl)cc2)s1,5.045757490560675
580,CHEMBL2017455,nM,9500.0,O=C(Nc1ccc(N2CCNCC2)cc1)c1csc(-c2ccc(Cl)cc2)n1,5.022276394711152
581,CHEMBL2017456,nM,7500.0,O=C(Nc1ccc(N2CCNCC2)cc1)c1cc(-c2ccc(Cl)cc2)on1,5.1249387366083
582,CHEMBL2017457,nM,11000.0,O=C(Nc1ccc(N2CCNCC2)cc1)c1cccc(-c2ccc(Cl)cc2)n1,4.958607314841775
583,CHEMBL2017458,nM,600.0,CN(C(=O)c1ccc(-c2ccc(Cl)cc2)o1)c1ccc(N2CCNCC2)cc1,6.221848749616356
584,CHEMBL2017459,nM,130.0,CCN(C(=O)c1ccc(-c2ccc(Cl)cc2)o1)c1ccc(N2CCNCC2)cc1,6.886056647693163
585,CHEMBL2017460,nM,650.0,CCCN(C(=O)c1ccc(-c2ccc(Cl)cc2)o1)c1ccc(N2CCNCC2)cc1,6.187086643357144
586,CHEMBL2017461,nM,1200.0,CC(C)N(C(=O)c1ccc(-c2ccc(Cl)cc2)o1)c1ccc(N2CCNCC2)cc1,5.920818753952375
587,CHEMBL2017462,nM,440.0,CCCCN(C(=O)c1ccc(-c2ccc(Cl)cc2)o1)c1ccc(N2CCNCC2)cc1,6.356547323513812
588,CHEMBL2017463,nM,100.0,Cn1ccnc1CN(C(=O)c1ccc(-c2ccc(Cl)cc2)o1)c1ccc(N2CCNCC2)cc1,7.0
589,CHEMBL2017619,nM,90.0,O=C(c1ccc(-c2ccc(Cl)cc2)o1)N(Cc1ccncc1)c1ccc(N2CCNCC2)cc1,7.045757490560675
590,CHEMBL2036449,nM,3400.0,Clc1ccc(-c2ccc(-c3nocc3-c3ccc(N4CCNCC4)cc3)o2)cc1,5.468521082957745
591,CHEMBL2036451,nM,6200.0,O=c1onc(-c2ccc(-c3ccc(Cl)cc3)o2)n1-c1ccc(N2CCNCC2)cc1,5.207608310501746
592,CHEMBL2036452,nM,50.0,Clc1ccc(-c2ccc(C3=NOC(c4ccccc4)N3c3ccc(N4CCNCC4)cc3)o2)cc1,7.301029995663981
593,CHEMBL2036453,nM,3700.0,Clc1ccc(-c2ccc(C3ON=C(c4ccccc4)N3c3ccc(N4CCNCC4)cc3)o2)cc1,5.431798275933005
594,CHEMBL2036454,nM,110.0,N#Cc1ccc(-c2ccc(C3=NOCCN3c3ccc(N4CCNCC4)cc3)o2)cc1,6.958607314841775
595,CHEMBL2036455,nM,1400.0,Clc1ccc(-c2ccc(C3=NOCCCN3c3ccc(N4CCNCC4)cc3)o2)cc1,5.853871964321762
596,CHEMBL2036456,nM,30.0,Clc1ccc(-c2ccc(C3=NOC(c4ccccn4)N3c3ccc(N4CCNCC4)cc3)o2)cc1,7.522878745280337
597,CHEMBL2036457,nM,50.0,Clc1ccc(-c2ccc(C3=NOC(c4cccnc4)N3c3ccc(N4CCNCC4)cc3)o2)cc1,7.301029995663981
598,CHEMBL2036458,nM,30.0,Clc1ccc(-c2ccc(C3=NOC(c4ccncc4)N3c3ccc(N4CCNCC4)cc3)o2)cc1,7.522878745280337
599,CHEMBL2036459,nM,60.0,Fc1ccc(C2ON=C(c3ccc(-c4ccc(Cl)cc4)o3)N2c2ccc(N3CCNCC3)cc2)nc1,7.221848749616356
600,CHEMBL2036460,nM,60.0,Clc1ccc(-c2ccc(C3=NOC(c4ccncn4)N3c3ccc(N4CCNCC4)cc3)o2)cc1,7.221848749616356
601,CHEMBL2036461,nM,70.0,Clc1ccc(-c2ccc(C3=NOC(c4cncnc4)N3c3ccc(N4CCNCC4)cc3)o2)cc1,7.154901959985743
602,CHEMBL2036598,nM,160.0,Fc1ccc(C2ON=C(c3ccc(-c4ccc(Cl)cc4)o3)N2c2ccc(N3CCNCC3)cc2)cc1,6.795880017344075
603,CHEMBL2036599,nM,100.0,Fc1ccc(C2ON=C(c3ccc(-c4ccc(Cl)cc4)o3)N2c2ccc(N3CCNCC3)cc2)c(F)c1,7.0
604,CHEMBL2036600,nM,190.0,Fc1cc(F)cc(C2ON=C(c3ccc(-c4ccc(Cl)cc4)o3)N2c2ccc(N3CCNCC3)cc2)c1,6.721246399047171
605,CHEMBL2036601,nM,70.0,Clc1ccc(-c2ccc(C3=NOC(c4c[nH]cn4)N3c3ccc(N4CCNCC4)cc3)o2)cc1,7.154901959985743
606,CHEMBL2036602,nM,1200.0,Clc1ccc(-c2ccc(C3=NOC(c4cnc(-c5ccccc5)nc4)N3c3ccc(N4CCNCC4)cc3)o2)cc1,5.920818753952375
607,CHEMBL2036603,nM,330.0,Clc1ccc(-c2ccc(C3=NOC(c4ccc(-c5ncccn5)cc4)N3c3ccc(N4CCNCC4)cc3)o2)cc1,6.481486060122112
608,CHEMBL2036604,nM,100.0,Clc1ccc(-c2ccc(C3=NOC(c4ccc(-c5cncnc5)cc4)N3c3ccc(N4CCNCC4)cc3)o2)cc1,7.0
609,CHEMBL2036605,nM,380.0,Clc1ccc(-c2ccc(C3=NOC(c4cccc(-c5cncnc5)c4)N3c3ccc(N4CCNCC4)cc3)o2)cc1,6.42021640338319
610,CHEMBL2036606,nM,40.0,Clc1ccc(-c2ccc(C3=NOC(c4ccccc4-c4cncnc4)N3c3ccc(N4CCNCC4)cc3)o2)cc1,7.3979400086720375
611,CHEMBL2036607,nM,180.0,Clc1ccc(-c2ccc(C3=NOC(c4ccccc4-c4cccnc4)N3c3ccc(N4CCNCC4)cc3)o2)cc1,6.7447274948966935
612,CHEMBL2036608,nM,480.0,Clc1ccc(-c2ccc(C3=NOC(c4ccccc4-c4ccccc4)N3c3ccc(N4CCNCC4)cc3)o2)cc1,6.318758762624412
613,CHEMBL2036609,nM,1300.0,Clc1cccc(-c2ccc(C3=NOC(c4ccccc4-c4cncnc4)N3c3ccc(N4CCNCC4)cc3)o2)c1,5.886056647693163
614,CHEMBL2036610,nM,50.0,Fc1ccc(-c2ccc(C3=NOC(c4ccccc4-c4cncnc4)N3c3ccc(N4CCNCC4)cc3)o2)cc1,7.301029995663981
615,CHEMBL2036611,nM,970.0,Clc1ccc(-c2ccc(C3=NOC(c4ccccc4-c4cncnc4)N3c3ccc(N4CCNCC4)cc3)o2)cc1Cl,6.013228265733755
616,CHEMBL2036612,nM,220.0,Fc1cc(-c2ccc(C3=NOC(c4ccccc4-c4cncnc4)N3c3ccc(N4CCNCC4)cc3)o2)ccc1Cl,6.657577319177793
617,CHEMBL2036613,nM,790.0,c1ccc(C2ON=C(c3ccc(-c4ccncc4)o3)N2c2ccc(N3CCNCC3)cc2)c(-c2cncnc2)c1,6.102372908709558
618,CHEMBL2036614,nM,310.0,COc1ccc(-c2ccc(C3=NOC(c4ccccc4-c4cncnc4)N3c3ccc(N4CCNCC4)cc3)o2)cc1,6.508638306165727
619,CHEMBL2036616,nM,8.0,N#Cc1ccc(-c2ccc(C3=NOC(c4ccccc4-c4cncnc4)N3c3ccc(N4CCNCC4)cc3)o2)cc1,8.096910013008056
620,CHEMBL2036617,nM,5300.0,N#Cc1cccc(-c2ccc(C3=NOC(c4ccccc4-c4cncnc4)N3c3ccc(N4CCNCC4)cc3)o2)c1,5.275724130399211
621,CHEMBL2036618,nM,190.0,Clc1ccc(-c2ccc(C3=NOC(c4ccncc4)N3c3ccc(C4CCNCC4)cc3)o2)cc1,6.721246399047171
622,CHEMBL1231206,nM,5.0,Cc1ccc(-c2ccc3c(ccc4sc5c(c43)NC[C@@H](C)NC5=O)n2)cn1,8.301029995663981
623,CHEMBL1185204,nM,130.0,N#Cc1c(N)nc2c(c1N)Cc1cc(O)c(O)cc1O2,6.886056647693163
624,CHEMBL1235213,nM,11000.0,CCOc1ccc(Nc2c(C)c(N[C@H]3CCCNC3)nc3ccnn23)cc1,4.958607314841775
625,CHEMBL2163608,nM,8400.0,Cc1nc2ccc(Nc3c(C)c(N[C@H]4CCCNC4)nc4ccnn34)cc2s1,5.075720713938118
626,CHEMBL2163616,nM,7600.0,COCCOc1ccc(Nc2c(C)c(N[C@H]3CCCNC3)nc3ccnn23)cc1,5.119186407719209
627,CHEMBL2163604,nM,1200.0,CCOc1ccc(Nc2c(C)c(N[C@@H]3CCCNC3)nc3ccnn23)cc1,5.920818753952375
628,CHEMBL2163605,nM,1500.0,CCc1c(N[C@H]2CC[C@H](N)CC2)nc2ccnn2c1Nc1ccccc1Cl,5.823908740944319
629,CHEMBL2163606,nM,1700.0,Cc1c(N[C@H]2CC[C@H](N)CC2)nc2ccnn2c1Nc1ccccc1Cl,5.769551078621726
630,CHEMBL2163607,nM,200.0,N[C@H]1CC[C@H](Nc2cc(Nc3ccccc3Cl)n3nccc3n2)CC1,6.698970004336019
631,CHEMBL2163611,nM,76.0,Cc1c(N[C@H]2CCCNC2)nc2ccnn2c1Nc1ccc2c(cnn2C)c1,7.119186407719209
632,CHEMBL2163610,nM,57.0,CC(=O)c1ccc(-c2ccc(Nc3c(C)c(N[C@H]4CCCNC4)nc4ccnn34)cc2)s1,7.2441251443275085
633,CHEMBL2163609,nM,140.0,Cc1c(N[C@H]2CCCNC2)nc2ccnn2c1Nc1ccc(C(=O)NC2CCCC2)cc1,6.853871964321762
634,CHEMBL2163612,nM,160.0,Cc1c(N[C@H]2CCCNC2)nc2ccnn2c1Nc1ccc(OCCN2CCOCC2)cc1,6.795880017344075
635,CHEMBL2163615,nM,3000.0,Cc1c(N[C@H]2CC[C@H](N)CC2)nc2ccnn2c1Nc1cccc(OCc2ccccc2)c1,5.522878745280337
636,CHEMBL2163614,nM,1900.0,CCOC(=O)c1cccc(Nc2c(C)c(N[C@H]3CC[C@H](N)CC3)nc3ccnn23)c1,5.721246399047171
637,CHEMBL2163613,nM,1400.0,CCOc1cccc(Nc2c(C)c(N[C@H]3CC[C@H](N)CC3)nc3ccnn23)c1,5.853871964321762
638,CHEMBL2163617,nM,700.0,Cc1c(N[C@H]2CC[C@H](N)CC2)nc2ccnn2c1Nc1ccc(OCc2ccccc2)cc1,6.154901959985743
639,CHEMBL2163618,nM,700.0,CCOC(=O)c1ccc(Nc2c(C)c(N[C@H]3CC[C@H](N)CC3)nc3ccnn23)cc1,6.154901959985743
640,CHEMBL2163619,nM,7000.0,N[C@H]1CC[C@H](Nc2cc(NCc3ccccc3)n3nccc3n2)CC1,5.154901959985743
641,CHEMBL2163620,nM,11000.0,N[C@H]1CC[C@H](Nc2cc(NCC3CCCCC3)n3nccc3n2)CC1,4.958607314841775
642,CHEMBL2163621,nM,12000.0,CC(C)CCNc1cc(N[C@H]2CC[C@H](N)CC2)nc2ccnn12,4.920818753952375
643,CHEMBL2163623,nM,700.0,CCc1c(NC2CCCNC2)nc2ccnn2c1Nc1ccc(F)c(Cl)c1,6.154901959985743
644,CHEMBL2163624,nM,510.0,Cc1c(NC2CCCNC2)nc2ccnn2c1Nc1ccc(F)c(Cl)c1,6.292429823902063
645,CHEMBL2163625,nM,570.0,CCOc1ccc(Nc2c(C)c(O[C@H]3CC[C@H](N)CC3)nc3ccnn23)cc1,6.2441251443275085
646,CHEMBL2163627,nM,26000.0,CCOc1ccc(Nc2c(C)c(N(C)C3CCCNC3)nc3ccnn23)cc1,4.585026652029182
647,CHEMBL2163628,nM,400.0,CCOc1ccc(Nc2c(C)c(NC3CCCNC3)nc3ccnn23)cc1,6.3979400086720375
648,CHEMBL2163977,nM,83000.0,CCOc1ccc(Nc2c(C)c(NCCO)nc3ccnn23)cc1,4.080921907623926
649,CHEMBL2163353,nM,4100.0,CCOc1ccc(Nc2c(C)c(NCCCCN)nc3ccnn23)cc1,5.3872161432802645
650,CHEMBL2163978,nM,8700.0,CCOc1ccc(Nc2c(C)c(NCCCN)nc3ccnn23)cc1,5.060480747381382
651,CHEMBL2163979,nM,2500.0,CCOc1ccc(Nc2c(C)c(NCCN)nc3ccnn23)cc1,5.6020599913279625
652,CHEMBL2163980,nM,89000.0,CCOc1ccc(Nc2c(C)c(N[C@H]3CC[C@H](O)CC3)nc3ccnn23)cc1,4.050609993355088
653,CHEMBL2163981,nM,360.0,CCOc1ccc(Nc2c(C)c(N[C@H]3CC[C@H](N)CC3)nc3ccnn23)cc1,6.443697499232712
654,CHEMBL2163984,nM,400.0,Fc1ccc(Nc2cc(NC3CCCNC3)nc3ccnn23)cc1Cl,6.3979400086720375
655,CHEMBL2163985,nM,25000.0,Fc1ccc(Nc2cc(NC3CCNCC3)nc3ccnn23)cc1Cl,4.6020599913279625
656,CHEMBL2163989,nM,2000.0,CCN[C@H]1CC[C@H](Nc2cc(Nc3ccc(F)c(Cl)c3)n3nccc3n2)CC1,5.698970004336019
657,CHEMBL2163991,nM,1600.0,N[C@H]1CC[C@H](Nc2nc3ccnn3c(Nc3ccc(F)c(Cl)c3)c2-c2ccccc2)CC1,5.795880017344075
658,CHEMBL2163992,nM,600.0,CCCc1c(N[C@H]2CC[C@H](N)CC2)nc2ccnn2c1Nc1ccc(F)c(Cl)c1,6.221848749616356
659,CHEMBL2163993,nM,400.0,CCc1c(N[C@H]2CC[C@H](N)CC2)nc2ccnn2c1Nc1ccc(F)c(Cl)c1,6.3979400086720375
660,CHEMBL2163994,nM,400.0,Cc1c(N[C@H]2CC[C@H](N)CC2)nc2ccnn2c1Nc1ccc(F)c(Cl)c1,6.3979400086720375
661,CHEMBL2163995,nM,9200.0,N[C@H]1CC[C@H](Nc2cc(Nc3ccc(F)c(Cl)c3)n3ncc(Br)c3n2)CC1,5.036212172654444
662,CHEMBL2163996,nM,8100.0,N[C@H]1CC[C@H](Nc2cc(Nc3ccc(F)c(Cl)c3)n3ncc(Cl)c3n2)CC1,5.09151498112135
663,CHEMBL2163997,nM,3100.0,N#Cc1cnn2c(Nc3ccc(F)c(Cl)c3)cc(N[C@H]3CC[C@H](N)CC3)nc12,5.508638306165727
664,CHEMBL2163999,nM,1300.0,N[C@H]1CC[C@H](Nc2cc(Nc3ccc(F)c(Cl)c3)n3nccc3n2)CC1,5.886056647693163
665,CHEMBL2312654,nM,18570.0,Cc1cc(-c2cnc(Nc3cc(Cl)cc(Cl)c3)nc2NC2CCC(N(C)C)CC2)on1,4.73118809626022
666,CHEMBL2312652,nM,30000.0,CN1CCC(NC(=O)c2cnc(Nc3cc(Cl)cc(Cl)c3)nc2N[C@@H]2COC[C@H]2O)CC1,4.522878745280337
667,CHEMBL2312649,nM,30000.0,CN1CCC(NC(=O)c2cnc(Nc3cc(Cl)cc(Cl)c3)nc2NC2CCC(N(C)C)CC2)CC1,4.522878745280337
668,CHEMBL2312646,nM,30000.0,CN1CCC(NC(=O)c2cnc(NCc3cc(Cl)ccc3Cl)nc2NC2CCCC2)CC1,4.522878745280337
669,CHEMBL2312645,nM,30000.0,COc1ccccc1CNc1ncc(C(=O)NC2CCN(C)CC2)c(NC2CCCC2)n1,4.522878745280337
670,CHEMBL2036343,nM,16000.0,O=C1/C(=C/c2ccccn2)CSC/C1=C\c1ccccn1,4.795880017344075
671,CHEMBL2338333,nM,9800.0,CN1C/C(=C\c2ccccn2)C(=O)/C(=C/c2ccccn2)C1,5.008773924307505
672,CHEMBL574646,nM,6700.0,O=C1/C(=C/c2ccccn2)CNC/C1=C\c1ccccn1,5.173925197299173
673,CHEMBL2381612,nM,1980.0,NC(=O)c1ncc(N[C@H]2CC[C@H](N)CC2)c2nc(-c3ccc(Cl)cc3)cn12,5.703334809738469
674,CHEMBL2381611,nM,840.0,NC(=O)c1ncc(N[C@H]2CCCNC2)c2nc(-c3ccc(Cl)cc3)cn12,6.075720713938118
675,CHEMBL2381607,nM,4000.0,NC(=O)c1cnc(N[C@H]2CC[C@H](N)CC2)n2cc(-c3ccc(Cl)cc3)nc12,5.3979400086720375
676,CHEMBL2381605,nM,910.0,NC(=O)c1cnc(N[C@H]2CCCNC2)c2nc(-c3ccc(F)cc3)cn12,6.040958607678906
677,CHEMBL2381604,nM,910.0,NC(=O)c1cnc(N[C@H]2CCCNC2)c2nc(-c3ccc4ccccc4c3)cn12,6.040958607678906
678,CHEMBL2381603,nM,820.0,NC(=O)c1cnc(N[C@H]2CC[C@H](N)CC2)c2nc(-c3ccc(Cl)c(Cl)c3)cn12,6.086186147616283
679,CHEMBL2381602,nM,1900.0,NC(=O)c1cnc(N[C@H]2CC[C@@H](N)CC2)c2nc(-c3ccc(Cl)cc3)cn12,5.721246399047171
680,CHEMBL2381601,nM,60.0,NC(=O)c1cnc(N[C@H]2CC[C@H](N)CC2)c2nc(-c3ccc(Cl)cc3)cn12,7.221848749616356
681,CHEMBL2381600,nM,400.0,CN[C@H]1CC[C@H](Nc2ncc(C(N)=O)n3cc(-c4ccc(Cl)cc4)nc23)CC1,6.3979400086720375
682,CHEMBL2381599,nM,4090.0,NCCCNc1ncc(C(N)=O)n2cc(-c3ccc(Cl)cc3)nc12,5.388276691992658
683,CHEMBL2381598,nM,4150.0,NC(=O)c1cnc(NC2CCNCC2)c2nc(-c3ccc(Cl)cc3)cn12,5.3819519032879075
684,CHEMBL2381597,nM,10000.0,NC(=O)c1cnc(Nc2cccnc2)c2nc(-c3ccc(Cl)cc3)cn12,5.0
685,CHEMBL2381596,nM,650.0,NC(=O)c1cnc(N[C@H]2CCCNC2)c2nc(-c3ccc(Cl)cc3)cn12,6.187086643357144
686,CHEMBL2385550,nM,8.9,N#Cc1ccc(-c2cc3c(o2)C(=O)N(Cc2ccccc2-c2cncnc2)c2ccc(C4CCNCC4)cc2C3(F)F)cc1,8.050609993355087
687,CHEMBL2385549,nM,3.0,N#Cc1ccc(-c2cc3c(o2)C(=O)N(Cc2ccccc2-c2cncnc2)c2ccc(C4CCNCC4)cc2C3)cc1,8.522878745280337
688,CHEMBL2385548,nM,1.9,N#Cc1ccc(-c2cc3c(o2)C(=O)N(Cc2ccccc2-c2cncnc2)c2ccc(N4CCNCC4)cc2C3)cc1,8.721246399047171
689,CHEMBL2385547,nM,5.7,O=C1c2oc(-c3ccc(Cl)cc3)cc2Cc2cc(N3CCNCC3)ccc2N1Cc1ccccc1-c1cncnc1,8.244125144327509
690,CHEMBL2385546,nM,6.8,COc1ccncc1-c1ccccc1CN1C(=O)c2oc(-c3ccc(C#N)cc3)cc2Cc2cc(N3CCNCC3)ccc21,8.167491087293763
691,CHEMBL2385545,nM,8.4,COc1ncccc1-c1ccccc1CN1C(=O)c2oc(-c3ccc(C#N)cc3)cc2Cc2cc(N3CCNCC3)ccc21,8.075720713938118
692,CHEMBL2385544,nM,21.0,N#Cc1ccc(-c2cc3c(o2)C(=O)N(Cc2ccccc2-c2cccnc2)c2ccc(N4CCNCC4)cc2C3)cc1,7.6777807052660805
693,CHEMBL2385543,nM,22.0,O=C1c2oc(-c3ccc(Cl)cc3)cc2Cc2cc(N3CCNCC3)ccc2N1Cc1ccccc1-c1cccnc1,7.657577319177793
694,CHEMBL2385085,nM,39.0,O=C1c2oc(-c3ccc(Cl)cc3)cc2Cc2cc(N3CCNCC3)ccc2N1Cc1ccccc1-c1ccncc1,7.4089353929735005
695,CHEMBL2385542,nM,4.9,COc1cncc(-c2ccccc2CN2C(=O)c3oc(-c4ccc(C#N)cc4)cc3Cc3cc(N4CCNCC4)ccc32)c1,8.309803919971486
696,CHEMBL2385541,nM,21.0,COc1cc(-c2ccccc2CN2C(=O)c3oc(-c4ccc(Cl)cc4)cc3Cc3cc(N4CCNCC4)ccc32)ccn1,7.6777807052660805
697,CHEMBL2385540,nM,14.0,N#Cc1ccc(-c2cc3c(o2)C(=O)N(Cc2ccccc2-c2cncc(F)c2)c2ccc(N4CCNCC4)cc2C3)cc1,7.853871964321762
698,CHEMBL2385539,nM,74.0,N#Cc1ccc(-c2cc3c(o2)C(=O)N(Cc2ccccc2-c2cccc(F)c2)c2ccc(N4CCNCC4)cc2C3)cc1,7.130768280269024
699,CHEMBL2385538,nM,28.0,N#Cc1ccc(-c2cc3c(o2)C(=O)Nc2ccc(C4CCNCC4)cc2C3)cc1,7.552841968657781
700,CHEMBL2385537,nM,14.0,O=C1Nc2ccc(C3CCNCC3)cc2Cc2cc(-c3ccc(Cl)cc3)oc21,7.853871964321762
701,CHEMBL2385536,nM,52.0,O=C1c2oc(-c3ccc(Cl)cc3)cc2Cc2cc(N3CCNCC3)ccc2N1Cc1ccccc1Br,7.2839966563652006
702,CHEMBL2385535,nM,64.0,O=C1c2oc(-c3ccc(Cl)cc3)cc2Cc2cc(N3CCNCC3)ccc2N1Cc1ccccn1,7.1938200260161125
703,CHEMBL2385534,nM,107.0,O=C1c2oc(-c3ccc(Cl)cc3)cc2Cc2cc(N3CCNCC3)ccc2N1CC(F)F,6.97061622231479
704,CHEMBL2385533,nM,110.0,O=C1c2oc(-c3ccc(Cl)cc3)cc2Cc2cc(N3CCNCC3)ccc2N1CC1CC1,6.958607314841775
705,CHEMBL2385532,nM,12.0,C=CCN1C(=O)c2oc(-c3ccc(Cl)cc3)cc2Cc2cc(N3CCNCC3)ccc21,7.920818753952375
706,CHEMBL2385531,nM,79.0,CN1C(=O)c2oc(-c3ccc(Cl)cc3)cc2Cc2cc(N3CCNCC3)ccc21,7.102372908709558
707,CHEMBL3263640,nM,13330.0,Cc1c(NC(=O)c2ccc(C(C)(C)C)cc2)cccc1-c1nc(Nc2ccc(C(=O)N3CCOCC3)cc2)c2nc[nH]c2n1,4.875169850586141
708,CHEMBL3314140,nM,2139.0,Clc1ccc(-c2ccc(-c3nccn3-c3ccc(N4CCNCC4)cc3)o2)cc1,5.669789215428472
709,CHEMBL3315292,nM,26.0,N#Cc1ccc(-c2ccc(-c3nccn3-c3ccc(C4(O)CCNCC4)cc3)o2)cc1,7.585026652029182
710,CHEMBL3315291,nM,24.9,N#Cc1ccc(-c2ccc(-c3nccn3-c3ccc(C4(F)CCNCC4)cc3)o2)cc1,7.603800652904264
711,CHEMBL3315290,nM,25.8,OC1(c2ccc(-n3ccnc3-c3ccc(-c4ccc(Cl)cc4)o3)cc2)CCNCC1,7.58838029403677
712,CHEMBL3315289,nM,66.5,FC1(c2ccc(-n3ccnc3-c3ccc(-c4ccc(Cl)cc4)o3)cc2)CCNCC1,7.1771783546968955
713,CHEMBL3315288,nM,74.9,Clc1ccc(-c2ccc(-c3nccn3-c3ccc([C@@H]4CNCCO4)cc3)o2)cc1,7.125518182300533
714,CHEMBL3315287,nM,55.3,Clc1ccc(-c2ccc(-c3nccn3-c3ccc([C@H]4CNCCO4)cc3)o2)cc1,7.257274868695301
715,CHEMBL3315286,nM,65.0,Clc1ccc(-c2ccc(-c3nccn3-c3ccc(C4C=CCNC4)cc3)o2)cc1,7.187086643357144
716,CHEMBL3315285,nM,3390.0,Clc1ccc(-c2ccc(-c3nccn3-c3ccc(-c4cccnc4)cc3)o2)cc1,5.4698003017969175
717,CHEMBL3314158,nM,3730.0,Clc1ccc(-c2ccc(-c3nccn3-c3ccc(-c4ccncc4)cc3)o2)cc1,5.428291168191312
718,CHEMBL3314157,nM,160.0,Clc1ccc(-c2ccc(-c3nccn3-c3ccc(C4CCCCN4)cc3)o2)cc1,6.795880017344075
719,CHEMBL3314156,nM,26.0,Clc1ccc(-c2ccc(-c3nccn3-c3ccc(C4CCCNC4)cc3)o2)cc1,7.585026652029182
720,CHEMBL3314155,nM,36.7,Clc1ccc(-c2ccc(-c3nccn3-c3ccc(C4CCNCC4)cc3)o2)cc1,7.435333935747911
721,CHEMBL3314154,nM,35.7,N#Cc1ccc(-c2ccc(-c3nccn3-c3ccc(N4CCNCC4)c(Br)c3)o2)cc1,7.447331783887806
722,CHEMBL3314153,nM,7.7,N#Cc1ccc(-c2ccc(-c3nccn3-c3ccc(N4CCNCC4)c(Cl)c3)o2)cc1,8.113509274827518
723,CHEMBL3314152,nM,43.5,N#Cc1ccc(-c2ccc(-c3nccn3-c3ccc(N4CCNCC4)cc3-c3cncnc3)o2)cc1,7.361510743045363
724,CHEMBL3314151,nM,31.3,N#Cc1ccc(-c2ccc(-c3nccn3-c3ccc(N4CCNCC4)cc3C(F)(F)F)o2)cc1,7.504455662453552
725,CHEMBL3314150,nM,22.3,N#Cc1ccc(-c2ccc(-c3nccn3-c3ccc(N4CCNCC4)cc3Br)o2)cc1,7.651695136951839
726,CHEMBL3314149,nM,17.4,Cc1cc(N2CCNCC2)ccc1-n1ccnc1-c1ccc(-c2ccc(C#N)cc2)o1,7.7594507517174005
727,CHEMBL3314148,nM,13.0,N#Cc1ccc(-c2ccc(-c3nccn3-c3ccc(N4CCNCC4)cc3Cl)o2)cc1,7.886056647693163
728,CHEMBL3314147,nM,16.2,N#Cc1ccc(-c2ccc(-c3nccn3-c3ccc(N4CCNCC4)cc3F)o2)cc1,7.790484985457369
729,CHEMBL3314146,nM,95.4,Clc1ccc(-c2ccc(-c3nc4ccccc4n3-c3ccc(N4CCNCC4)cc3)o2)cc1,7.020451625295905
730,CHEMBL3314145,nM,450.1,N#Cc1ccc(-c2ccc(-c3nnnn3-c3ccc(N4CCNCC4)cc3)o2)cc1,6.346690987061521
731,CHEMBL3314144,nM,157.0,Clc1ccc(-c2ccc(-c3ncnn3-c3ccc(N4CCNCC4)cc3)o2)cc1,6.804100347590767
732,CHEMBL3314143,nM,23.3,N#Cc1ccc(-c2ccc(-c3nncn3-c3ccc(N4CCNCC4)cc3)o2)cc1,7.632644078973981
733,CHEMBL3314142,nM,14.3,Clc1ccc(-c2ccc(-c3nncn3-c3ccc(N4CCNCC4)cc3)o2)cc1,7.844663962534938
734,CHEMBL3314141,nM,84.7,N#Cc1ccc(-c2ccc(-c3nccn3-c3ccc(N4CCNCC4)cc3)o2)cc1,7.072116589669293
735,CHEMBL3629334,nM,14500.0,Nc1ncc(Cl)nc1CNC(=O)Nc1ccc(N(C(=O)c2ccccc2)c2ccccc2)cc1,4.838631997765025
736,CHEMBL3629333,nM,16200.0,Nc1ncc(C2CC2)nc1CNC(=O)Nc1ccc(N(C(=O)c2ccccc2)c2ccccc2)cc1,4.790484985457369
737,CHEMBL3629332,nM,19000.0,CCCc1cnc(N)c(CNC(=O)Nc2ccccc2Cl)n1,4.721246399047171
738,CHEMBL3629331,nM,20000.0,CCCc1cnc(N)c(CNC(=O)Nc2ccc(N(C(=O)c3ccccc3)c3ccccc3)cc2)n1,4.698970004336019
739,CHEMBL3629330,nM,8000.0,CCCc1cnc(N)c(CNC(=O)Nc2ccc(NC(=O)OCc3ccccc3)cc2)n1,5.096910013008056
740,CHEMBL3629329,nM,11800.0,CCCc1cnc(N)c(CNC(=O)Nc2ccc(NC(=O)OC)cc2)n1,4.928117992693875
741,CHEMBL3629328,nM,19000.0,CCCc1cnc(N)c(CNC(=O)Nc2ccc(NC(=O)Nc3ccccc3)cc2)n1,4.721246399047171
742,CHEMBL3629327,nM,11000.0,CCCc1cnc(N)c(CNC(=O)Nc2ccc(OC(=O)OC(C)(C)C)cc2)n1,4.958607314841775
743,CHEMBL3629326,nM,6700.0,CCCc1cnc(N)c(CNC(=O)Nc2ccc(NC(=O)OC(C)(C)C)cc2)n1,5.173925197299173
744,CHEMBL3629325,nM,750.0,CCCc1cnc(N)c(CNC(=O)Nc2ccc3[nH]c(=O)oc3c2)n1,6.1249387366083
745,CHEMBL3629324,nM,2200.0,Nc1ncc(C2CC2)nc1CNC(=O)Nc1ccc2[nH]c(=O)oc2c1,5.657577319177793
746,CHEMBL3629323,nM,4500.0,Nc1ncc(Cl)nc1CNC(=O)Nc1ccc2[nH]c(=O)oc2c1,5.346787486224656
747,CHEMBL3629322,nM,32000.0,CC(C)(C)OC(=O)Nc1ccc(NC(=O)NCc2nc(Cl)cnc2N)cc1,4.494850021680094
748,CHEMBL3629155,nM,8000.0,CCCc1cnc(N)c(CN/C(=N\C(=O)c2ccccc2)Nc2ccc3[nH]c(=O)oc3c2)n1,5.096910013008056
749,CHEMBL3629154,nM,10000.0,COc1ccc(C(=O)/N=C(\NCc2nc(C3CC3)cnc2N)Nc2ccc3[nH]c(=O)oc3c2)cc1,5.0
750,CHEMBL3629153,nM,1900.0,Nc1ncc(C2CC2)nc1CN/C(=N\C(=O)c1ccc(Cl)cc1)Nc1ccc2[nH]c(=O)oc2c1,5.721246399047171
751,CHEMBL3629152,nM,2400.0,Cc1ccc(C(=O)/N=C(\NCc2nc(C3CC3)cnc2N)Nc2ccc3[nH]c(=O)oc3c2)cc1,5.619788758288394
752,CHEMBL3629151,nM,7800.0,CCOC(=O)/N=C(\NCc1nc(C2CC2)cnc1N)Nc1ccc2[nH]c(=O)oc2c1,5.107905397309519
753,CHEMBL3629150,nM,36000.0,CC(C)(C)OC(=O)Nc1ccc(N/C(=N/C(=O)c2ccccc2)NCc2nc(Cl)cnc2N)cc1,4.443697499232713
754,CHEMBL3629148,nM,6900.0,CCCc1cnc(N)c(CN/C(=N\C#N)Nc2ccc(N(C(=O)c3ccccc3)c3ccccc3)cc2)n1,5.161150909262744
755,CHEMBL3629147,nM,1700.0,CCCc1cnc(N)c(CN/C(=N\C#N)Nc2ccc3[nH]c(=O)oc3c2)n1,5.769551078621726
756,CHEMBL3629146,nM,3300.0,CC(C)(C)OC(=O)Nc1ccc(N/C(=N/C#N)NCc2nc(C3CC3)cnc2N)cc1,5.481486060122112
757,CHEMBL3629145,nM,31000.0,Cc1cnc(N)c(CN/C(=N\C#N)Nc2ccc(NC(=O)OC(C)(C)C)cc2)n1,4.508638306165727
758,CHEMBL3628993,nM,27000.0,CC(C)(C)OC(=O)Nc1ccc(N/C(=N/C#N)NCc2nc(Cl)cnc2N)cc1,4.568636235841013
759,CHEMBL3628992,nM,26000.0,N#C/N=C(\NCc1nc(Cl)cnc1N)Nc1ccccc1,4.585026652029182
760,CHEMBL3628991,nM,3600.0,CO/N=C(\NCc1nc(Cl)cnc1N)Nc1ccc(N(C(=O)c2ccccc2)c2ccccc2)cc1,5.443697499232712
761,CHEMBL3628990,nM,4200.0,CO/N=C(\NCc1nc(Cl)cnc1N)Nc1ccc(NC(=O)OC(C)(C)C)cc1,5.376750709602099
762,CHEMBL3704901,nM,21.0,Cc1cnc(-c2ccnc(C(C)(C)O)n2)cc1-n1c(C)cc(OCc2ncc(F)cc2F)c(Cl)c1=O,7.6777807052660805
763,CHEMBL3809901,nM,22000.0,CC(C)C[C@H](NC(=O)[C@H](C)NC(=O)[C@H](CCCCN)NC(=O)[C@H](C)NC(=O)[C@H](CCCNC(=N)N)NC(=O)[C@H](C)NC(=O)[C@H](CCC(N)=O)NC(=O)[C@H](CCCNC(=N)N)NC(=O)[C@H](C)NC(=O)[C@H](C)NC(=O)[C@H](C)NC(=O)[C@H](CCCNC(=N)N)NC(=O)[C@H](C)NC(=O)[C@@H](N)Cc1ccc(O)cc1)C(=O)N[C@@H](C)C(=O)N[C@@H](CCCNC(=N)N)C(=O)N[C@@H](CCC(N)=O)C(=O)N[C@@H](CC(C)C)C(=O)NCC(=O)N[C@H](C(=O)N[C@@H](C)C(=O)N[C@@H](C)C(=O)O)C(C)C,4.657577319177793
764,CHEMBL3809381,nM,5800.0,CC(C)C[C@H](NC(=O)[C@H](C)NC(=O)[C@H](CCCCN)NC(=O)[C@H](C)NC(=O)[C@H](CCCNC(=N)N)NC(=O)[C@H](C)NC(=O)[C@H](CCC(N)=O)NC(=O)[C@H](CCCNC(=N)N)NC(=O)[C@H](C)NC(=O)[C@H](C)NC(=O)[C@H](C)NC(=O)[C@H](CCCNC(=N)N)NC(=O)[C@H](C)NC(=O)[C@@H](N)Cc1ccc(O)cc1)C(=O)N[C@@H](CC(N)=O)C(=O)N[C@@H](CCCNC(=N)N)C(=O)N[C@@H](CCC(N)=O)C(=O)N[C@@H](CC(C)C)C(=O)NCC(=O)N[C@H](C(=O)N[C@@H](C)C(=O)N[C@@H](C)C(=O)O)C(C)C,5.236572006437063
765,CHEMBL3808687,nM,740.0,CC[C@H](C)[C@H](NC(=O)[C@H](CCCNC(=N)N)NC(=O)[C@H](CCCNC(=N)N)NC(=O)[C@H](CC(C)C)NC(=O)[C@@H](N)Cc1c[nH]c2ccccc12)C(=O)N[C@@H](CCCCN)C(=O)N[C@@H](C)C(=O)N[C@@H](Cc1c[nH]c2ccccc12)C(=O)N[C@@H](CC(C)C)C(=O)N[C@@H](CCCNC(=N)N)C(=O)N[C@@H](CCCNC(=N)N)C(=O)N[C@H](C(=O)N[C@@H](CCCCN)C(=O)N[C@@H](C)C(=O)N[C@@H](CC(C)C)C(=O)N[C@@H](CC(N)=O)C(=O)N[C@@H](CCCNC(=N)N)C(=O)N[C@@H](CCC(N)=O)C(=O)N[C@@H](CC(C)C)C(=O)NCC(=O)N[C@H](C(=O)N[C@@H](C)C(=O)N[C@@H](C)C(=O)O)C(C)C)[C@@H](C)CC,6.130768280269024
766,CHEMBL3884319,nM,10000.0,CC1(C)C(=O)N([C@H]2CCc3c(O)cccc32)c2nc(Nc3ccccc3)ncc21,5.0
767,CHEMBL3902121,nM,6.4,Cc1cnc(-c2ccnc(C(C)(C)O)n2)cc1-n1c(C)cc(OCc2ccc(F)cc2F)c(Cl)c1=O,8.193820026016112
768,CHEMBL3962170,nM,18.0,Cc1cnc(-c2ccnc(C(C)(C)C)n2)cc1-n1c(C)cc(OCc2ccc(F)cc2F)c(Cl)c1=O,7.7447274948966935
769,CHEMBL4293121,nM,480.0,COc1ccc(-c2ncc3c(c2F)-c2[nH]c4c(c2CC3)C(=O)NCC42CN(C)C2)cn1,6.318758762624412
770,CHEMBL4282514,nM,370.0,COc1ccc(-c2ncc3c(c2F)-c2[nH]c4c(c2CC3)C(=O)NCC42CN(C)C2)cc1F,6.431798275933005
771,CHEMBL4277929,nM,370.0,CN1CC2(CNC(=O)c3c2[nH]c2c3CCc3cnc(-c4cccc(F)c4)c(F)c3-2)C1,6.431798275933005
772,CHEMBL4277111,nM,2300.0,O=Cc1ccc2cccc(C(=O)Nc3ccc(C(F)(F)F)cn3)c2n1,5.638272163982407
